Tally ID,State,Lga,Ward,DateImp,UNQWardRec,No_settlements,NCSchool,NoTeams,FPZERO,FPOTHER,NOHseVist,EligCild,HSEZERO,HSEOTHER,SP_QuranSch,SP_OtherSch,ImmChurch,OUT_other,TotalOUTSIDE,NONCompHH,NC_child,NCHHRevst,NCChildRevst,NCHHpend,NCchildpend,AbHH,AB_child,ABHHRevst,ABChildRevst,ABHHpend,ABchildpend,OTHZERO,OTHOTHER,TOTALOPV,6WKDPT1,6WKDPT2,6WKDPT3,12MTHDPT1,12MTHDPT2,12MTHDPT3,HepB1,HepB2,HepB3,MEASLESU1,MEASLESO1,YellowU1,YellowO1,TT1,TT2plus,VITAU1,VITAO1,PLUS1,PLUS2,PLUS3,Plus Name1,Plus name2,Plus Name3,GWD,AFP,IsmainRnd
30169623,Sokoto,Binji,Binji,1-Aug-17,SokotoBinjiBinji01/08/2017-1,20,0,4,2,19,2425,5571,11,2746,563,0,0,181,744,17,27,15,23,2,4,43,67,43,67,0,0,0,0,3601,0,0,0,0,0,0,0,0,0,0,0,0,0,0,0,0,0,3601,0,0,Sweets,,,0,0,TRUE
31134118,Sokoto,Binji,Bunkari,1-Aug-17,SokotoBinjiBunkari01/08/2017-1,26,0,5,0,6,2274,5074,7,3098,223,0,0,252,475,7,9,5,7,2,2,27,43,26,42,1,1,0,0,3628,0,0,0,0,0,0,0,0,0,0,0,0,0,0,0,0,0,4000,0,0,Sweets,,,0,0,TRUE
45059035,Sokoto,Binji,Gawazai,1-Aug-17,SokotoBinjiGawazai01/08/2017-1,18,0,5,0,16,1902,5987,4,2997,262,0,0,289,551,4,4,4,4,0,0,44,63,42,59,2,4,0,0,3627,0,0,0,0,0,0,0,0,0,0,0,0,0,0,0,0,0,4000,0,0,Sweets,,,0,0,TRUE
50778574,Sokoto,Binji,Inname,1-Aug-17,SokotoBinjiInname01/08/2017-1,13,0,3,0,12,1186,3413,3,1857,106,0,0,117,223,6,12,6,12,0,0,43,49,38,43,5,6,0,0,2147,0,0,0,0,0,0,0,0,0,0,0,0,0,0,0,0,0,2200,0,0,Sweets,,,0,0,TRUE
8715488,Sokoto,Binji,Jamali,1-Aug-17,SokotoBinjiJamali01/08/2017-1,17,0,4,1,11,1700,3251,2,2626,214,0,0,196,410,1,2,0,0,1,2,7,28,7,28,0,0,0,0,3076,0,0,0,0,0,0,0,0,0,0,0,0,0,0,0,0,0,3100,0,0,Sweets,,,0,0,TRUE
4605728,Sokoto,Binji,Maikulki,1-Aug-17,SokotoBinjiMaikulki01/08/2017-1,27,0,6,0,18,2340,3617,12,4066,513,0,0,331,844,7,12,5,8,2,4,44,53,41,46,3,7,0,0,4982,0,0,0,0,0,0,0,0,0,0,0,0,0,0,0,0,0,5000,0,0,Sweets,,,0,0,TRUE
50152836,Sokoto,Binji,Samama,1-Aug-17,SokotoBinjiSamama01/08/2017-1,12,0,3,0,13,4615,3552,5,2662,239,0,0,213,452,12,17,12,17,0,0,15,28,15,28,0,0,0,0,3172,0,0,0,0,0,0,0,0,0,0,0,0,0,0,0,0,0,3200,0,0,Sweets,,,0,0,TRUE
45347787,Sokoto,Binji,Soron Gabas,1-Aug-17,SokotoBinjiSoron Gabas01/08/2017-1,30,0,6,0,8,2161,4872,3,2672,423,0,0,391,814,0,0,0,0,0,0,8,11,8,11,0,0,0,0,3505,0,0,0,0,0,0,0,0,0,0,0,0,0,0,0,0,0,3500,0,0,Sweets,,,0,0,TRUE
48738003,Sokoto,Binji,Soron Yamma,1-Aug-17,SokotoBinjiSoron Yamma01/08/2017-1,26,0,4,1,15,2015,5136,6,2625,313,0,0,259,572,0,0,0,0,0,0,22,25,22,25,0,0,0,0,3238,0,0,0,0,0,0,0,0,0,0,0,0,0,0,0,0,0,3500,0,0,Sweets,,,0,0,TRUE
47103833,Sokoto,Binji,Tudun Kose,1-Aug-17,SokotoBinjiTudun Kose01/08/2017-1,18,0,4,0,10,1319,3326,4,2510,159,0,0,149,308,0,0,0,0,0,0,19,29,18,28,1,1,0,0,2856,0,0,0,0,0,0,0,0,0,0,0,0,0,0,0,0,0,3000,0,0,Sweets,,,0,0,TRUE
16918365,Sokoto,Bodinga,Bagarawa,1-Aug-17,SokotoBodingaBagarawa01/08/2017-1,19,0,4,0,48,1682,2439,22,1728,231,0,0,796,1027,72,148,62,130,10,18,39,52,37,50,2,2,0,1736,4719,0,0,0,0,0,0,0,0,0,0,0,0,0,0,0,0,0,2000,0,0,Sweets,,,0,0,TRUE
37882289,Sokoto,Bodinga,Bangi Dabaga,1-Aug-17,SokotoBodingaBangi Dabaga01/08/2017-1,84,0,21,0,42,4513,8340,13,4084,436,0,0,1401,1837,2,6,2,6,0,0,143,169,142,168,1,1,0,1530,7667,0,0,0,0,0,0,0,0,0,0,0,0,0,0,0,0,0,6000,0,0,Sweets,,,0,0,TRUE
41682796,Sokoto,Bodinga,Bodinga Tauma,1-Aug-17,SokotoBodingaBodinga Tauma01/08/2017-1,24,0,6,0,42,3573,7627,23,2451,411,0,0,1121,1532,48,107,45,101,3,6,84,171,82,168,2,3,0,4840,9134,0,0,0,0,0,0,0,0,0,0,0,0,0,0,0,0,0,4000,0,0,Sweets,,,0,0,TRUE
45861796,Sokoto,Bodinga,Danchadi,1-Aug-17,SokotoBodingaDanchadi01/08/2017-1,56,0,14,0,41,4639,8396,18,2304,366,0,0,981,1347,88,189,85,177,3,12,102,199,100,197,2,2,0,2977,7043,0,0,0,0,0,0,0,0,0,0,0,0,0,0,0,0,0,4000,0,0,Sweets,,,0,0,TRUE
50417941,Sokoto,Bodinga,Darhela Badau,1-Aug-17,SokotoBodingaDarhela Badau01/08/2017-1,22,0,5,0,47,1554,3030,12,801,180,0,0,411,591,44,100,40,91,4,9,62,87,61,85,1,2,0,4185,5800,0,0,0,0,0,0,0,0,0,0,0,0,0,0,0,0,0,1000,0,0,Sweets,,,0,0,TRUE
50633688,Sokoto,Bodinga,Dingyadi,1-Aug-17,SokotoBodingaDingyadi01/08/2017-1,51,0,10,0,23,238,4410,17,2394,481,0,0,1360,1841,180,324,175,314,5,10,97,141,96,140,1,1,0,3823,8535,0,0,0,0,0,0,0,0,0,0,0,0,0,0,0,0,0,4000,0,0,Sweets,,,0,0,TRUE
42648064,Sokoto,Bodinga,Kaura Miyo,1-Aug-17,SokotoBodingaKaura Miyo01/08/2017-1,74,0,18,0,34,6110,2132,19,2184,310,0,0,1222,1532,265,624,254,601,11,23,163,212,160,209,3,3,0,5711,10271,0,0,0,0,0,0,0,0,0,0,0,0,0,0,0,0,0,4000,0,0,Sweets,,,0,0,TRUE
24625805,Sokoto,Bodinga,Kwacciyar Lalle,1-Aug-17,SokotoBodingaKwacciyar Lalle01/08/2017-1,39,0,9,0,29,2555,2522,15,2178,368,0,0,777,1145,53,99,50,94,3,5,51,89,50,88,1,1,0,1425,4959,0,0,0,0,0,0,0,0,0,0,0,0,0,0,0,0,0,3000,0,0,Sweets,,,0,0,TRUE
49812338,Sokoto,Bodinga,Sifawa Lukuyawa,1-Aug-17,SokotoBodingaSifawa Lukuyawa01/08/2017-1,31,0,7,0,53,2117,4583,13,2401,293,0,0,910,1203,64,128,58,118,6,10,41,64,40,63,1,1,0,1865,5703,0,0,0,0,0,0,0,0,0,0,0,0,0,0,0,0,0,3000,0,0,Sweets,,,0,0,TRUE
53961792,Sokoto,Bodinga,Takatuku Madorawa,1-Aug-17,SokotoBodingaTakatuku Madorawa01/08/2017-1,24,0,6,0,40,2336,3728,21,2278,301,0,0,876,1177,73,180,73,180,0,0,39,50,38,49,1,1,0,1174,4898,0,0,0,0,0,0,0,0,0,0,0,0,0,0,0,0,0,3000,0,0,Sweets,,,0,0,TRUE
33917142,Sokoto,Bodinga,Tulluwa,1-Aug-17,SokotoBodingaTulluwa01/08/2017-1,32,0,8,0,55,3184,9805,18,2500,460,0,0,1114,1574,91,145,87,133,4,12,67,90,66,89,1,1,0,2444,6795,0,0,0,0,0,0,0,0,0,0,0,0,0,0,0,0,0,4000,0,0,Sweets,,,0,0,TRUE
6160705,Sokoto,Dange-Shuni,Bodai,1-Aug-17,SokotoDange-ShuniBodai01/08/2017-1,38,0,5,0,0,2656,4843,1,4009,245,0,0,351,596,111,190,110,188,1,2,87,130,87,130,0,0,0,0,4923,0,0,0,0,0,0,0,0,0,0,0,0,0,0,0,0,0,0,0,0,,,,0,0,TRUE
51594632,Sokoto,Dange-Shuni,Dange,1-Aug-17,SokotoDange-ShuniDange01/08/2017-1,41,0,7,0,0,3645,5923,2,4886,290,142,0,350,782,68,136,67,133,1,3,89,146,89,146,0,0,0,0,5947,0,0,0,0,0,0,0,0,0,0,0,0,0,0,0,0,0,0,0,0,,,,0,0,TRUE
5348032,Sokoto,Dange-Shuni,Fajaldu,1-Aug-17,SokotoDange-ShuniFajaldu01/08/2017-1,47,0,6,0,0,3327,5264,1,4803,108,0,0,107,215,109,199,108,106,1,2,89,167,88,166,1,1,0,0,5290,0,0,0,0,0,0,0,0,0,0,0,0,0,0,0,0,0,0,0,0,,,,0,0,TRUE
51473089,Sokoto,Dange-Shuni,Ge-Ere/Gajara,1-Aug-17,SokotoDange-ShuniGe-ere/Gajara01/08/2017-1,60,0,10,0,0,4770,7361,1,6010,370,64,0,696,1130,81,162,81,162,0,0,70,114,70,114,0,0,0,0,7416,0,0,0,0,0,0,0,0,0,0,0,0,0,0,0,0,0,0,0,0,,,,0,0,TRUE
30509998,Sokoto,Dange-Shuni,Rikina,1-Aug-17,SokotoDange-ShuniRikina01/08/2017-1,24,0,6,0,0,2540,3989,0,3192,63,0,0,576,639,37,65,36,63,1,2,36,50,36,50,0,0,0,0,3944,0,0,0,0,0,0,0,0,0,0,0,0,0,0,0,0,0,0,0,0,,,,0,0,TRUE
22271572,Sokoto,Dange-Shuni,Rudu/Amanawa,1-Aug-17,SokotoDange-ShuniRudu/Amanawa01/08/2017-1,44,0,8,0,0,4103,8827,2,8276,238,0,0,185,423,81,144,79,141,2,3,75,119,14,118,1,1,0,0,8958,0,0,0,0,0,0,0,0,0,0,0,0,0,0,0,0,0,0,0,0,,,,0,0,TRUE
11324591,Sokoto,Dange-Shuni,Rugar Gidado,1-Aug-17,SokotoDange-ShuniRugar Gidado01/08/2017-1,47,0,10,0,0,5258,8432,1,7645,142,0,0,84,226,62,90,62,90,0,0,47,64,47,64,0,0,0,0,8025,0,0,0,0,0,0,0,0,0,0,0,0,0,0,0,0,0,0,0,0,,,,0,0,TRUE
30879867,Sokoto,Dange-Shuni,Shuni,1-Aug-17,SokotoDange-ShuniShuni01/08/2017-1,28,0,7,0,0,3139,5426,1,5148,23,0,13,50,86,85,173,82,169,3,4,57,91,56,90,1,1,0,0,5493,0,0,0,0,0,0,0,0,0,0,0,0,0,0,0,0,0,0,0,0,,,,0,0,TRUE
37143088,Sokoto,Dange-Shuni,Tsafanade,1-Aug-17,SokotoDange-ShuniTsafanade01/08/2017-1,28,0,6,0,0,2952,5405,0,5104,68,8,0,36,112,65,123,64,122,1,1,45,65,45,65,0,0,0,0,5403,0,0,0,0,0,0,0,0,0,0,0,0,0,0,0,0,0,0,0,0,,,,0,0,TRUE
39249349,Sokoto,Dange-Shuni,Tuntube/Tsefe,1-Aug-17,SokotoDange-ShuniTuntube/Tsefe01/08/2017-1,96,0,21,0,0,9988,15868,2,13775,434,65,63,878,1440,264,415,254,396,10,18,135,232,128,217,7,15,0,0,15828,0,0,0,0,0,0,0,0,0,0,0,0,0,0,0,0,0,0,0,0,,,,0,0,TRUE
31170530,Sokoto,Dange-Shuni,Wababe/Salau,1-Aug-17,SokotoDange-ShuniWababe/Salau01/08/2017-1,63,0,0,0,0,4750,7533,1,6196,220,0,0,614,834,72,134,71,132,1,2,117,174,115,172,2,2,0,0,7334,0,0,0,0,0,0,0,0,0,0,0,0,0,0,0,0,0,0,0,0,,,,0,0,TRUE
24423100,Sokoto,Gada,Dukamaje,1-Aug-17,SokotoGadaDukamaje01/08/2017-1,96,0,25,6,216,6664,15680,4,12750,511,0,0,1649,2160,14,34,14,34,0,0,259,643,258,641,1,2,0,0,15807,0,0,0,0,0,0,0,0,0,0,0,0,0,0,0,0,0,0,0,0,,,,0,0,TRUE
13713381,Sokoto,Gada,Gada,1-Aug-17,SokotoGadaGada01/08/2017-1,56,0,15,3,127,5523,12698,3,9551,712,0,0,2041,2753,10,19,10,19,0,0,160,245,160,245,0,0,0,0,12698,0,0,0,0,0,0,0,0,0,0,0,0,0,0,0,0,0,0,0,0,,,,0,0,TRUE
42572790,Sokoto,Gada,Gilbadi,1-Aug-17,SokotoGadaGilbadi01/08/2017-1,68,0,18,12,466,8507,11792,3,8978,342,0,0,1710,2052,8,12,8,12,0,0,186,273,185,272,1,1,0,0,11792,0,0,0,0,0,0,0,0,0,0,0,0,0,0,0,0,0,0,0,0,,,,0,0,TRUE
12410358,Sokoto,Gada,Kadadi,1-Aug-17,SokotoGadaKadadi01/08/2017-1,52,0,13,10,148,6641,9533,2,7656,174,0,0,1411,1585,0,0,0,0,0,0,121,134,121,134,0,0,0,0,9533,0,0,0,0,0,0,0,0,0,0,0,0,0,0,0,0,0,0,0,0,,,,0,0,TRUE
49901989,Sokoto,Gada,Kadassaka,1-Aug-17,SokotoGadaKadassaka01/08/2017-1,40,0,12,4,58,5067,7383,4,6140,129,0,0,816,945,32,45,30,43,2,2,146,191,146,191,0,0,0,0,7381,0,0,0,0,0,0,0,0,0,0,0,0,0,0,0,0,0,0,0,0,,,,0,0,TRUE
43993273,Sokoto,Gada,Kaddi,1-Aug-17,SokotoGadaKaddi01/08/2017-1,65,0,10,8,176,7786,9325,6,7780,142,0,0,974,1116,0,0,0,0,0,0,141,245,141,245,0,0,0,0,9325,0,0,0,0,0,0,0,0,0,0,0,0,0,0,0,0,0,0,0,0,,,,0,0,TRUE
33186780,Sokoto,Gada,Kaffe,1-Aug-17,SokotoGadaKaffe01/08/2017-1,29,0,8,9,49,3352,9981,3,8937,214,0,0,539,753,11,34,9,31,2,3,113,199,113,199,0,0,0,0,9978,0,0,0,0,0,0,0,0,0,0,0,0,0,0,0,0,0,0,0,0,,,,0,0,TRUE
35404374,Sokoto,Gada,Kiri,1-Aug-17,SokotoGadaKiri01/08/2017-1,36,0,8,3,157,4202,11223,6,9924,310,0,0,719,1029,0,0,0,0,0,0,82,110,81,109,1,1,0,0,11222,0,0,0,0,0,0,0,0,0,0,0,0,0,0,0,0,0,0,0,0,,,,0,0,TRUE
38690113,Sokoto,Gada,Kwarma,1-Aug-17,SokotoGadaKwarma01/08/2017-1,35,0,9,4,165,3245,8975,7,7484,316,0,0,816,1132,1,3,1,3,0,0,119,188,119,188,0,0,0,0,8976,0,0,0,0,0,0,0,0,0,0,0,0,0,0,0,0,0,0,0,0,,,,0,0,TRUE
14561191,Sokoto,Gada,Kyadawa Holai,1-Aug-17,SokotoGadaKyadawa Holai01/08/2017-1,72,0,17,16,86,9611,11936,6,9792,419,0,0,1359,1778,0,0,0,0,0,0,161,264,161,264,0,0,0,0,11936,0,0,0,0,0,0,0,0,0,0,0,0,0,0,0,0,0,0,0,0,,,,0,0,TRUE
39533805,Sokoto,Gada,Tsitse,1-Aug-17,SokotoGadaTsitse01/08/2017-1,47,0,12,10,214,4624,7770,2,6053,173,0,0,1092,1265,0,0,0,0,0,0,164,228,164,228,0,0,0,0,7770,0,0,0,0,0,0,0,0,0,0,0,0,0,0,0,0,0,0,0,0,,,,0,0,TRUE
23898691,Sokoto,Goronyo,Birjingo,1-Aug-17,SokotoGoronyoBirjingo01/08/2017-1,17,0,7,3,11,2680,5047,10,4178,247,16,0,892,1155,0,0,0,0,0,0,101,120,101,120,0,0,0,0,5467,0,0,0,0,0,0,0,0,0,0,0,0,0,0,0,0,0,5000,0,0,Sweets,,,0,0,TRUE
8136079,Sokoto,Goronyo,Boyekai,1-Aug-17,SokotoGoronyoBoyekai01/08/2017-1,19,0,7,0,0,2996,4862,16,4824,222,32,0,724,978,19,33,0,0,0,0,71,101,0,0,19,33,0,0,5802,0,0,0,0,0,0,0,0,0,0,0,0,0,0,0,0,0,5000,0,0,Sweets,,,0,0,TRUE
11131891,Sokoto,Goronyo,Giyawa,1-Aug-17,SokotoGoronyoGiyawa01/08/2017-1,12,0,7,8,117,3851,6642,15,5191,648,69,0,1496,2213,8,20,7,16,1,4,117,184,116,182,1,2,0,0,7727,0,0,0,0,0,0,0,0,0,0,0,0,0,0,0,0,0,7000,0,0,Sweets,,,0,0,TRUE
55302890,Sokoto,Goronyo,Goronyo,1-Aug-17,SokotoGoronyoGoronyo01/08/2017-1,23,0,11,0,0,4984,9566,14,9259,20,36,0,2486,2542,102,240,93,229,9,11,163,254,163,254,0,0,0,0,12284,0,0,0,0,0,0,0,0,0,0,0,0,0,0,0,0,0,12000,0,0,Sweets,,,0,0,TRUE
44977471,Sokoto,Goronyo,Kagara,1-Aug-17,SokotoGoronyoKagara01/08/2017-1,20,0,9,0,0,3209,5210,8,4869,228,72,0,992,1292,22,56,19,50,3,6,83,157,83,157,0,0,0,0,6368,0,0,0,0,0,0,0,0,0,0,0,0,0,0,0,0,0,6000,0,0,Sweets,,,0,0,TRUE
24756335,Sokoto,Goronyo,Kojiyo,1-Aug-17,SokotoGoronyoKojiyo01/08/2017-1,23,0,9,0,0,3276,4826,9,6573,105,0,0,1117,1222,10,27,9,26,1,1,81,134,80,133,1,1,0,0,7954,0,0,0,0,0,0,0,0,0,0,0,0,0,0,0,0,0,7000,0,0,Sweets,,,0,0,TRUE
50327812,Sokoto,Goronyo,Kwakwazo,1-Aug-17,SokotoGoronyoKwakwazo01/08/2017-1,31,0,17,0,0,6677,11322,21,9905,34,26,0,1255,1315,7,20,5,17,2,3,175,319,174,317,1,2,0,0,11554,0,0,0,0,0,0,0,0,0,0,0,0,0,0,0,0,0,11000,0,0,Sweets,,,0,0,TRUE
33865349,Sokoto,Goronyo,Rimawa,1-Aug-17,SokotoGoronyoRimawa01/08/2017-1,65,0,19,0,0,6612,10354,16,10079,119,0,0,1602,1721,37,87,33,83,4,4,194,300,193,299,1,1,0,0,12182,0,0,0,0,0,0,0,0,0,0,0,0,0,0,0,0,0,12000,0,0,Sweets,,,0,0,TRUE
55418315,Sokoto,Goronyo,Sabon Gari Dole,1-Aug-17,SokotoGoronyoSabon Gari Dole01/08/2017-1,63,0,16,0,0,4916,9604,13,8106,24,0,0,1413,1437,6,13,6,13,0,0,244,375,243,373,1,2,0,0,9929,0,0,0,0,0,0,0,0,0,0,0,0,0,0,0,0,0,9000,0,0,Sweets,,,0,0,TRUE
44348658,Sokoto,Goronyo,Shinaka,1-Aug-17,SokotoGoronyoShinaka01/08/2017-1,26,0,9,0,0,4146,7333,11,6756,144,0,0,1137,1281,9,31,6,26,3,5,75,122,74,120,1,2,0,0,8183,0,0,0,0,0,0,0,0,0,0,0,0,0,0,0,0,0,8000,0,0,Sweets,,,0,0,TRUE
34920358,Sokoto,Goronyo,Takakume,1-Aug-17,SokotoGoronyoTakakume01/08/2017-1,24,0,10,0,0,4392,7198,11,6905,63,42,0,599,704,4,4,2,2,2,2,111,165,111,165,0,0,0,0,7776,0,0,0,0,0,0,0,0,0,0,0,0,0,0,0,0,0,7000,0,0,Sweets,,,0,0,TRUE
36324913,Sokoto,Gudu,Awilkiti,1-Aug-17,SokotoGuduAwilkiti01/08/2017-1,27,0,4,0,0,1434,0,4,2116,189,7,0,278,474,0,0,0,0,0,0,31,56,30,55,1,1,0,0,2645,0,0,0,0,0,0,0,0,0,0,0,0,0,0,0,0,0,3000,0,0,Sweets,,,0,0,TRUE
42812482,Sokoto,Gudu,Bachaka,1-Aug-17,SokotoGuduBachaka01/08/2017-1,49,0,8,0,42,2817,0,6,4337,246,11,0,728,985,1,3,1,3,0,0,64,97,62,95,2,2,0,0,5462,0,0,0,0,0,0,0,0,0,0,0,0,0,0,0,0,0,5500,0,0,Sweets,,,0,0,TRUE
11839959,Sokoto,Gudu,Balle,1-Aug-17,SokotoGuduBalle01/08/2017-1,36,0,8,0,128,3081,0,4,3049,499,13,0,1579,2091,1,3,1,3,0,0,133,213,131,211,2,2,0,0,5482,0,0,0,0,0,0,0,0,0,0,0,0,0,0,0,0,0,5500,0,0,Sweets,,,0,0,TRUE
39446797,Sokoto,Gudu,Chilas,1-Aug-17,SokotoGuduChilas01/08/2017-1,27,0,6,0,0,1723,0,3,2503,156,8,0,830,994,0,0,0,0,0,0,54,101,54,101,0,0,0,0,3598,0,0,0,0,0,0,0,0,0,0,0,0,0,0,0,0,0,3600,0,0,Sweets,,,0,0,TRUE
15717549,Sokoto,Gudu,Gwazange,1-Aug-17,SokotoGuduGwazange01/08/2017-1,23,0,4,0,0,1449,0,4,2398,93,11,0,310,414,0,0,0,0,0,0,33,62,33,62,0,0,0,0,2874,0,0,0,0,0,0,0,0,0,0,0,0,0,0,0,0,0,3000,0,0,Sweets,,,0,0,TRUE
55520600,Sokoto,Gudu,Karfe Chana,1-Aug-17,SokotoGuduKarfe Chana01/08/2017-1,20,0,4,0,0,1523,0,2,2316,87,14,0,104,205,0,0,0,0,0,0,38,67,38,67,0,0,0,0,2588,0,0,0,0,0,0,0,0,0,0,0,0,0,0,0,0,0,5600,0,0,Sweets,,,0,0,TRUE
17047781,Sokoto,Gudu,Karfe Sarki,1-Aug-17,SokotoGuduKarfe Sarki01/08/2017-1,24,0,4,0,63,1033,0,3,2036,201,12,0,216,429,0,0,0,0,0,0,47,59,47,59,0,0,0,0,2587,0,0,0,0,0,0,0,0,0,0,0,0,0,0,0,0,0,2600,0,0,Sweets,,,0,0,TRUE
43773388,Sokoto,Gudu,Kurdula,1-Aug-17,SokotoGuduKurdula01/08/2017-1,60,0,10,0,0,4692,0,7,5522,212,15,0,176,403,1,5,1,5,0,0,103,147,101,145,2,2,0,0,6075,0,0,0,0,0,0,0,0,0,0,0,0,0,0,0,0,0,6100,0,0,Sweets,,,0,0,TRUE
39425826,Sokoto,Gudu,Marake,1-Aug-17,SokotoGuduMarake01/08/2017-1,43,0,6,0,27,1927,0,4,3037,153,14,0,321,488,0,0,0,0,0,0,109,147,108,145,1,2,0,0,3697,0,0,0,0,0,0,0,0,0,0,0,0,0,0,0,0,0,4000,0,0,Sweets,,,0,0,TRUE
31037983,Sokoto,Gudu,Tullun Doya,1-Aug-17,SokotoGuduTullun Doya01/08/2017-1,29,0,6,0,0,2844,0,5,3961,203,15,0,360,578,0,0,0,0,0,0,64,76,64,76,0,0,0,0,4615,0,0,0,0,0,0,0,0,0,0,0,0,0,0,0,0,0,4700,0,0,Sweets,,,0,0,TRUE
17253499,Sokoto,Gwadabawa,Asara,1-Aug-17,SokotoGwadabawaAsara01/08/2017-1,39,0,11,0,0,4920,10662,31,8473,1082,0,0,815,1897,56,116,51,104,5,12,109,176,109,176,0,0,0,0,10650,0,0,0,0,0,0,0,0,0,0,0,0,0,0,0,0,0,10650,0,0,Sweets,,,0,0,TRUE
10238074,Sokoto,Gwadabawa,Atakwanyo,1-Aug-17,SokotoGwadabawaAtakwanyo01/08/2017-1,111,0,10,0,0,3227,7391,33,5747,298,0,0,1069,1367,53,112,50,106,3,6,132,165,132,165,0,0,0,0,7385,0,0,0,0,0,0,0,0,0,0,0,0,0,0,0,0,0,7385,0,0,Sweets,,,0,0,TRUE
35804901,Sokoto,Gwadabawa,Chimola,1-Aug-17,SokotoGwadabawaChimola01/08/2017-1,21,0,8,0,0,3856,8662,40,5600,397,0,0,2355,2752,93,199,79,171,14,28,63,11,63,111,0,0,0,0,8634,0,0,0,0,0,0,0,0,0,0,0,0,0,0,0,0,0,8634,0,0,Sweets,,,0,0,TRUE
52937357,Sokoto,Gwadabawa,Gidan Kaya,1-Aug-17,SokotoGwadabawaGidan Kaya01/08/2017-1,44,0,10,0,0,4795,9531,73,6456,520,0,0,2057,2577,93,217,76,181,17,36,148,281,148,281,0,0,0,0,9495,0,0,0,0,0,0,0,0,0,0,0,0,0,0,0,0,0,9495,0,0,Sweets,,,0,0,TRUE
52732404,Sokoto,Gwadabawa,Gigane,1-Aug-17,SokotoGwadabawaGigane01/08/2017-1,52,0,13,0,0,6251,11796,70,7457,1279,10,0,2721,4010,25,50,19,40,6,10,160,279,160,279,0,0,0,0,11786,0,0,0,0,0,0,0,0,0,0,0,0,0,0,0,0,0,11786,0,0,Sweets,,,0,0,TRUE
23543251,Sokoto,Gwadabawa,Gwadabawa,1-Aug-17,SokotoGwadabawaGwadabawa01/08/2017-1,43,0,12,0,0,6380,14450,90,8031,335,0,0,5529,5864,155,333,142,305,13,28,128,222,128,222,0,0,0,0,14422,0,0,0,0,0,0,0,0,0,0,0,0,0,0,0,0,0,14422,0,0,Sweets,,,0,0,TRUE
32111188,Sokoto,Gwadabawa,Huchi,1-Aug-17,SokotoGwadabawaHuchi01/08/2017-1,23,0,4,0,0,1803,4248,26,3081,387,0,0,686,1073,7,9,7,9,0,0,54,85,54,85,0,0,0,0,4248,0,0,0,0,0,0,0,0,0,0,0,0,0,0,0,0,0,4248,0,0,Sweets,,,0,0,TRUE
44176425,Sokoto,Gwadabawa,Mamman Suka,1-Aug-17,SokotoGwadabawaMamman Suka01/08/2017-1,27,0,9,0,0,3754,6899,70,4946,223,0,0,1552,1775,24,53,5,12,19,41,88,125,88,125,0,0,0,0,6858,0,0,0,0,0,0,0,0,0,0,0,0,0,0,0,0,0,6858,0,0,Sweets,,,0,0,TRUE
45208119,Sokoto,Gwadabawa,Mammande,1-Aug-17,SokotoGwadabawaMammande01/08/2017-1,48,0,13,0,0,4922,8118,31,6680,606,87,0,541,1234,14,23,8,12,6,11,126,181,126,181,0,0,0,0,8107,0,0,0,0,0,0,0,0,0,0,0,0,0,0,0,0,0,8107,0,0,Sweets,,,0,0,TRUE
5936208,Sokoto,Gwadabawa,Salame,1-Aug-17,SokotoGwadabawaSalame01/08/2017-1,72,0,12,0,0,5744,13255,21,8482,1895,124,0,2580,4599,46,64,43,60,3,4,83,111,82,110,1,1,0,0,13251,0,0,0,0,0,0,0,0,0,0,0,0,0,0,0,0,0,13251,0,0,Sweets,,,0,0,TRUE
18306427,Sokoto,Gwadabawa,Tambagarka,1-Aug-17,SokotoGwadabawaTambagarka01/08/2017-1,26,0,8,0,0,3616,8047,14,4668,687,15,0,2306,3008,112,243,97,209,15,34,78,128,78,128,0,0,0,0,8013,0,0,0,0,0,0,0,0,0,0,0,0,0,0,0,0,0,8013,0,0,Sweets,,,0,0,TRUE
39297193,Sokoto,Illela,Araba,1-Aug-17,SokotoIllelaAraba01/08/2017-1,48,0,11,2,18,3933,7048,13,6938,156,0,0,818,974,28,66,27,63,1,3,198,299,197,296,1,3,0,0,8291,0,0,0,0,0,0,0,0,0,0,0,0,0,0,0,0,0,8500,0,0,Sweets,,,0,0,TRUE
15074677,Sokoto,Illela,Damba,1-Aug-17,SokotoIllelaDamba01/08/2017-1,44,0,10,1,14,4051,7004,8,6127,158,0,0,603,761,127,289,121,276,6,13,129,215,126,209,3,6,0,0,7388,0,0,0,0,0,0,0,0,0,0,0,0,0,0,0,0,0,7500,0,0,Sweets,,,0,0,TRUE
12916589,Sokoto,Illela,Darna Sabon Gari,1-Aug-17,SokotoIllelaDarna Sabon Gari01/08/2017-1,40,0,10,2,15,4500,7911,11,7895,245,0,0,245,490,4,8,2,4,2,4,130,216,128,212,2,4,0,0,8618,0,0,0,0,0,0,0,0,0,0,0,0,0,0,0,0,0,9000,0,0,Sweets,,,0,0,TRUE
54410149,Sokoto,Illela,Darna Tsolawo,1-Aug-17,SokotoIllelaDarna Tsolawo01/08/2017-1,25,0,7,0,9,2177,5429,9,4150,62,0,0,300,362,16,41,11,31,5,10,66,110,66,110,0,0,0,0,4662,0,0,0,0,0,0,0,0,0,0,0,0,0,0,0,0,0,5000,0,0,Sweets,,,0,0,TRUE
18929285,Sokoto,Illela,Garu,1-Aug-17,SokotoIllelaGaru01/08/2017-1,20,0,5,1,11,2013,4914,7,4548,112,0,0,366,478,6,14,4,10,2,4,49,77,49,77,0,0,0,0,5125,0,0,0,0,0,0,0,0,0,0,0,0,0,0,0,0,0,5200,0,0,Sweets,,,0,0,TRUE
9215091,Sokoto,Illela,Gidan Hamma,1-Aug-17,SokotoIllelaGidan Hamma01/08/2017-1,41,0,13,3,13,4429,8910,12,8410,133,0,0,559,692,1,3,1,3,0,0,104,166,104,166,0,0,0,0,9287,0,0,0,0,0,0,0,0,0,0,0,0,0,0,0,0,0,10000,0,0,Sweets,,,0,0,TRUE
40812370,Sokoto,Illela,Gidan Katta,1-Aug-17,SokotoIllelaGidan Katta01/08/2017-1,24,0,6,1,8,2070,4131,6,3440,133,0,0,444,577,13,29,11,23,2,6,62,166,62,166,0,0,0,0,4215,0,0,0,0,0,0,0,0,0,0,0,0,0,0,0,0,0,5000,0,0,Sweets,,,0,0,TRUE
10853969,Sokoto,Illela,Illela,1-Aug-17,SokotoIllelaIllela01/08/2017-1,60,0,15,4,21,5898,9406,18,7836,622,130,0,5097,5849,295,615,279,589,16,26,214,355,208,343,6,12,0,0,14642,0,0,0,0,0,0,0,0,0,0,0,0,0,0,0,0,0,15000,0,0,Sweets,,,0,0,TRUE
47431666,Sokoto,Illela,Kalmalo,1-Aug-17,SokotoIllelaKalmalo01/08/2017-1,40,0,10,2,12,3558,7103,10,6954,192,0,0,656,848,18,39,7,17,11,22,127,232,127,232,0,0,0,0,8065,0,0,0,0,0,0,0,0,0,0,0,0,0,0,0,0,0,8100,0,0,Sweets,,,0,0,TRUE
23067136,Sokoto,Illela,Rungumawa Gatti,1-Aug-17,SokotoIllelaRungumawa Gatti01/08/2017-1,41,0,10,1,14,3033,5571,9,5530,92,0,0,551,643,31,57,21,44,7,13,136,218,133,213,3,5,0,0,6445,0,0,0,0,0,0,0,0,0,0,0,0,0,0,0,0,0,6500,0,0,Sweets,,,0,0,TRUE
27153930,Sokoto,Illela,Tozai,1-Aug-17,SokotoIllelaTozai01/08/2017-1,61,0,9,1,18,3055,5767,7,5634,88,0,0,297,385,15,31,5,18,7,13,68,143,66,140,2,3,0,0,6196,0,0,0,0,0,0,0,0,0,0,0,0,0,0,0,0,0,6200,0,0,Sweets,,,0,0,TRUE
33187676,Sokoto,Isa,Bargaja,1-Aug-17,SokotoIsaBargaja01/08/2017-1,56,0,11,0,136,3275,5768,0,4792,58,0,0,867,925,0,0,0,0,0,0,125,200,125,200,0,0,0,0,6053,0,0,0,0,0,0,0,0,0,0,0,0,0,0,0,0,0,0,0,0,,,,0,0,TRUE
40398761,Sokoto,Isa,Gebe A,1-Aug-17,SokotoIsaGebe A01/08/2017-1,46,0,11,0,194,4430,9358,16,7211,0,0,0,745,745,0,0,0,0,0,0,68,109,68,109,0,0,0,0,8259,0,0,0,0,0,0,0,0,0,0,0,0,0,0,0,0,0,0,0,0,,,,0,0,TRUE
56072781,Sokoto,Isa,Gebe B,1-Aug-17,SokotoIsaGebe B01/08/2017-1,32,0,8,0,37,2230,4750,15,3858,0,7,0,576,583,1,1,0,0,0,0,106,146,106,146,0,0,0,0,4624,0,0,0,0,0,0,0,0,0,0,0,0,0,0,0,0,0,0,0,0,,,,0,0,TRUE
9641980,Sokoto,Isa,Isa North,1-Aug-17,SokotoIsaIsa North01/08/2017-1,12,0,7,2,737,2655,5004,19,2736,106,216,0,1886,2208,4,14,4,14,0,0,56,75,56,75,0,0,0,0,5772,0,0,0,0,0,0,0,0,0,0,0,0,0,0,0,0,0,0,0,0,,,,0,0,TRUE
40523583,Sokoto,Isa,Isa South,1-Aug-17,SokotoIsaIsa South01/08/2017-1,52,0,13,0,768,7456,10170,79,5696,0,0,0,2144,2144,51,80,51,80,0,0,138,215,138,215,0,0,0,0,8903,0,0,0,0,0,0,0,0,0,0,0,0,0,0,0,0,0,0,0,0,,,,0,0,TRUE
42109855,Sokoto,Isa,Tidibale,1-Aug-17,SokotoIsaTidibale01/08/2017-1,56,0,9,0,90,2679,9193,44,5960,75,6,0,753,834,0,0,0,0,0,0,114,184,114,184,0,0,0,0,7068,0,0,0,0,0,0,0,0,0,0,0,0,0,0,0,0,0,0,0,0,,,,0,0,TRUE
17381896,Sokoto,Isa,Tozai,1-Aug-17,SokotoIsaTozai01/08/2017-1,28,0,7,0,0,2421,5642,0,3555,5,8,0,242,255,4,5,4,5,0,0,125,186,125,186,0,0,0,0,4001,0,0,0,0,0,0,0,0,0,0,0,0,0,0,0,0,0,0,0,0,,,,0,0,TRUE
38112862,Sokoto,Isa,Tsabre,1-Aug-17,SokotoIsaTsabre01/08/2017-1,29,0,7,0,83,3500,5287,0,4076,0,0,0,240,240,0,0,0,0,0,0,15,29,15,29,0,0,0,0,4428,0,0,0,0,0,0,0,0,0,0,0,0,0,0,0,0,0,0,0,0,,,,0,0,TRUE
7975248,Sokoto,Isa,Turba,1-Aug-17,SokotoIsaTurba01/08/2017-1,33,0,9,0,1006,4218,74004,9,4851,152,0,0,844,996,9,17,9,17,0,0,43,84,43,84,0,0,0,0,6954,0,0,0,0,0,0,0,0,0,0,0,0,0,0,0,0,0,0,0,0,,,,0,0,TRUE
37480288,Sokoto,Isa,Yanfako,1-Aug-17,SokotoIsaYanfako01/08/2017-1,46,0,11,0,90,3162,7590,0,5675,18,0,0,291,309,0,0,0,0,0,0,62,93,62,93,0,0,0,0,6167,0,0,0,0,0,0,0,0,0,0,0,0,0,0,0,0,0,0,0,0,,,,0,0,TRUE
26710493,Sokoto,Kebbe,Fakku,1-Aug-17,SokotoKebbeFakku01/08/2017-1,44,0,11,2,71,4510,8527,24,7757,165,0,0,215,380,2,4,2,4,0,0,49,74,48,72,1,2,0,0,8286,0,0,0,0,0,0,0,0,0,0,0,0,0,0,0,0,0,5000,0,0,Sweets,,,0,0,TRUE
24830832,Sokoto,Kebbe,Girkau,1-Aug-17,SokotoKebbeGirkau01/08/2017-1,32,0,8,0,103,3229,6504,31,5360,303,0,0,418,721,0,0,0,0,0,0,189,309,185,303,4,6,0,0,6487,0,0,0,0,0,0,0,0,0,0,0,0,0,0,0,0,0,6000,0,0,Sweets,,,0,0,TRUE
44049506,Sokoto,Kebbe,Kebbe East,1-Aug-17,SokotoKebbeKebbe East01/08/2017-1,24,0,6,1,117,2511,4729,27,3862,81,0,0,415,496,0,0,0,0,0,0,72,107,72,107,0,0,0,0,4583,0,0,0,0,0,0,0,0,0,0,0,0,0,0,0,0,0,4000,0,0,Sweets,,,0,0,TRUE
49470895,Sokoto,Kebbe,Kebbe West,1-Aug-17,SokotoKebbeKebbe West01/08/2017-1,12,0,3,0,70,1117,4299,18,3447,143,32,0,537,712,1,3,0,0,1,3,47,70,44,65,3,5,0,0,4294,0,0,0,0,0,0,0,0,0,0,0,0,0,0,0,0,0,4000,0,0,Sweets,,,0,0,TRUE
10320523,Sokoto,Kebbe,Kuchi,1-Aug-17,SokotoKebbeKuchi01/08/2017-1,40,0,10,2,153,3152,8255,19,6839,511,47,0,541,1099,34,92,22,69,12,23,64,98,64,98,0,0,0,0,8260,0,0,0,0,0,0,0,0,0,0,0,0,0,0,0,0,0,6000,0,0,Sweets,,,0,0,TRUE
17427259,Sokoto,Kebbe,Margai East,1-Aug-17,SokotoKebbeMargai East01/08/2017-1,32,0,8,0,77,3684,8235,26,6616,280,14,0,608,902,0,0,0,0,0,0,150,298,148,294,2,4,0,0,7889,0,0,0,0,0,0,0,0,0,0,0,0,0,0,0,0,0,5000,0,0,Sweets,,,0,0,TRUE
12655784,Sokoto,Kebbe,Margai West,1-Aug-17,SokotoKebbeMargai West01/08/2017-1,24,0,6,0,122,2526,5379,30,4365,101,0,0,505,606,0,0,0,0,0,0,100,140,99,139,1,1,0,0,5232,0,0,0,0,0,0,0,0,0,0,0,0,0,0,0,0,0,5000,0,0,Sweets,,,0,0,TRUE
14646450,Sokoto,Kebbe,Nasagudu,1-Aug-17,SokotoKebbeNasagudu01/08/2017-1,24,0,6,0,92,2871,6933,25,5957,223,0,0,465,688,0,0,0,0,0,0,46,64,46,64,0,0,0,0,6801,0,0,0,0,0,0,0,0,0,0,0,0,0,0,0,0,0,6000,0,0,Sweets,,,0,0,TRUE
47951477,Sokoto,Kebbe,Sangi,1-Aug-17,SokotoKebbeSangi01/08/2017-1,36,0,9,3,216,3267,7200,37,5425,285,0,0,516,801,0,0,0,0,0,0,68,93,68,93,0,0,0,0,6538,0,0,0,0,0,0,0,0,0,0,0,0,0,0,0,0,0,6000,0,0,Sweets,,,0,0,TRUE
11600794,Sokoto,Kebbe,Ungushi,1-Aug-17,SokotoKebbeUngushi01/08/2017-1,16,0,4,1,140,1680,4453,20,3632,266,7,0,390,663,3,7,3,7,0,0,55,94,53,90,2,4,0,0,4533,0,0,0,0,0,0,0,0,0,0,0,0,0,0,0,0,0,4000,0,0,Sweets,,,0,0,TRUE
49774356,Sokoto,Kware,Bankanu,1-Aug-17,SokotoKwareBankanu01/08/2017-1,44,0,6,35,259,4128,5814,65,3754,324,60,0,834,1218,83,161,81,156,2,5,90,136,89,135,1,1,2,2250,7809,0,0,0,0,0,0,0,0,0,0,0,0,0,0,0,0,0,5000,0,0,Sweets,,,0,0,TRUE
29117155,Sokoto,Kware,Basansan,1-Aug-17,SokotoKwareBasansan01/08/2017-1,38,0,6,6,161,2803,5088,9,3653,233,0,0,829,1062,32,58,30,54,2,4,65,88,65,88,0,0,0,2876,7900,0,0,0,0,0,0,0,0,0,0,0,0,0,0,0,0,0,5000,0,0,Sweets,,,0,0,TRUE
3686839,Sokoto,Kware,Durbawa,1-Aug-17,SokotoKwareDurbawa01/08/2017-1,42,0,6,7,163,3510,4738,37,4003,291,0,0,153,444,30,45,28,42,2,3,28,36,28,36,0,0,0,2374,7069,0,0,0,0,0,0,0,0,0,0,0,0,0,0,0,0,0,4000,0,0,Sweets,,,0,0,TRUE
5174667,Sokoto,Kware,Gandu,1-Aug-17,SokotoKwareGandu01/08/2017-1,34,0,6,3,48,2934,4920,7,4296,172,95,0,188,455,34,67,34,67,0,0,32,57,32,57,0,0,0,2795,7721,0,0,0,0,0,0,0,0,0,0,0,0,0,0,0,0,0,4000,0,0,Sweets,,,0,0,TRUE
21601094,Sokoto,Kware,Gidan Rugga More,1-Aug-17,SokotoKwareGidan Rugga More01/08/2017-1,29,0,5,0,68,2990,6187,5,4112,606,0,0,815,1421,44,66,43,64,1,2,38,54,38,54,0,0,0,2624,8343,0,0,0,0,0,0,0,0,0,0,0,0,0,0,0,0,0,5000,0,0,Sweets,,,0,0,TRUE
20977330,Sokoto,Kware,Hamma Ali Marabawa,1-Aug-17,SokotoKwareHamma Ali Marabawa01/08/2017-1,75,0,7,0,65,4058,5785,3,4444,580,0,0,493,1073,33,54,32,52,1,2,74,122,74,122,0,0,0,2464,8220,0,0,0,0,0,0,0,0,0,0,0,0,0,0,0,0,0,5000,0,0,Sweets,,,0,0,TRUE
15420971,Sokoto,Kware,Kabanga,1-Aug-17,SokotoKwareKabanga01/08/2017-1,69,0,8,8,217,4512,5549,79,4869,188,4,0,368,560,116,205,110,195,6,10,60,88,59,87,1,1,0,2274,8210,0,0,0,0,0,0,0,0,0,0,0,0,0,0,0,0,0,5000,0,0,Sweets,,,0,0,TRUE
24477457,Sokoto,Kware,Kware,1-Aug-17,SokotoKwareKware01/08/2017-1,30,0,6,12,141,3680,7019,55,2460,2563,0,0,1597,4160,176,366,167,350,9,10,128,195,126,191,2,4,0,2687,10001,0,0,0,0,0,0,0,0,0,0,0,0,0,0,0,0,0,7000,0,0,Sweets,,,0,0,TRUE
24301337,Sokoto,Kware,Sabon Birni,1-Aug-17,SokotoKwareSabon Birni01/08/2017-1,48,0,12,6,125,4526,5595,89,4459,73,0,0,717,790,211,402,206,395,5,7,81,130,81,130,0,0,0,3040,8945,0,0,0,0,0,0,0,0,0,0,0,0,0,0,0,0,0,5000,0,0,Sweets,,,0,0,TRUE
35025544,Sokoto,Kware,Tsaki Walakae,1-Aug-17,SokotoKwareTsaki Walakae01/08/2017-1,63,0,10,0,0,4721,5463,56,4617,94,0,0,323,417,141,345,139,342,2,3,83,130,83,130,0,0,0,2390,7896,0,0,0,0,0,0,0,0,0,0,0,0,0,0,0,0,0,5000,0,0,Sweets,,,0,0,TRUE
17634539,Sokoto,Kware,Tunga Mallamawa,1-Aug-17,SokotoKwareTunga Mallamawa01/08/2017-1,44,0,8,1,35,3211,4687,73,3725,108,0,0,91,199,75,133,74,132,1,1,33,51,32,49,1,2,0,2591,6732,0,0,0,0,0,0,0,0,0,0,0,0,0,0,0,0,0,4000,0,0,Sweets,,,0,0,TRUE
49001972,Sokoto,Rabah,Gandi  I,1-Aug-17,SokotoRabahGandi  I01/08/2017-1,46,0,9,5,82,1148,8021,2,5598,367,51,0,1230,1648,118,286,110,271,8,15,144,251,144,251,0,0,0,0,7855,0,0,0,0,0,0,0,0,0,0,0,0,0,0,0,0,0,0,0,0,,,,0,0,TRUE
35653233,Sokoto,Rabah,Gandi  Ii,1-Aug-17,SokotoRabahGandi  Ii01/08/2017-1,20,0,3,9,34,443,3821,5,2205,73,63,0,831,967,17,35,8,20,9,15,42,83,37,74,5,9,0,0,3309,0,0,0,0,0,0,0,0,0,0,0,0,0,0,0,0,0,0,0,0,,,,0,0,TRUE
53389443,Sokoto,Rabah,Goddodi,1-Aug-17,SokotoRabahGoddodi01/08/2017-1,36,0,7,6,71,748,6835,3,4819,445,28,0,1213,1686,17,27,9,17,8,7,67,115,66,114,1,1,0,0,6713,0,0,0,0,0,0,0,0,0,0,0,0,0,0,0,0,0,0,0,0,,,,0,0,TRUE
55050285,Sokoto,Rabah,Kurya,1-Aug-17,SokotoRabahKurya01/08/2017-1,28,0,7,8,108,821,5988,8,4280,205,35,0,1121,1361,12,19,12,19,0,0,38,51,38,51,0,0,0,0,5827,0,0,0,0,0,0,0,0,0,0,0,0,0,0,0,0,0,0,0,0,,,,0,0,TRUE
23527012,Sokoto,Rabah,Maikujera,1-Aug-17,SokotoRabahMaikujera01/08/2017-1,20,0,4,5,129,2213,4781,9,2834,409,56,0,1115,1580,44,117,39,100,5,17,21,36,21,36,0,0,0,0,4684,0,0,0,0,0,0,0,0,0,0,0,0,0,0,0,0,0,0,0,0,,,,0,0,TRUE
38754584,Sokoto,Rabah,Rabah,1-Aug-17,SokotoRabahRabah01/08/2017-1,28,0,6,10,26,2356,5391,12,2255,149,82,0,2829,3060,16,43,9,26,7,17,30,47,27,42,3,5,0,0,5419,0,0,0,0,0,0,0,0,0,0,0,0,0,0,0,0,0,0,0,0,,,,0,0,TRUE
47173777,Sokoto,Rabah,Rarah,1-Aug-17,SokotoRabahRarah01/08/2017-1,44,0,10,14,43,1076,8063,16,4545,366,82,0,2713,3161,51,143,49,106,2,7,63,113,63,113,0,0,0,0,7982,0,0,0,0,0,0,0,0,0,0,0,0,0,0,0,0,0,0,0,0,,,,0,0,TRUE
34628808,Sokoto,Rabah,Tofa,1-Aug-17,SokotoRabahTofa01/08/2017-1,38,0,7,18,32,2626,6685,21,2882,595,62,0,2682,3339,25,48,15,27,10,21,83,123,81,118,2,5,0,0,6416,0,0,0,0,0,0,0,0,0,0,0,0,0,0,0,0,0,0,0,0,,,,0,0,TRUE
40370520,Sokoto,Rabah,Tsamiya,1-Aug-17,SokotoRabahTsamiya01/08/2017-1,21,0,5,16,62,2626,5748,18,4259,107,42,0,1131,1280,9,14,9,14,0,0,61,88,61,88,0,0,0,0,5719,0,0,0,0,0,0,0,0,0,0,0,0,0,0,0,0,0,0,0,0,,,,0,0,TRUE
47959915,Sokoto,Rabah,Tursa,1-Aug-17,SokotoRabahTursa01/08/2017-1,16,0,4,12,13,259,2348,15,1437,42,61,0,722,825,5,11,5,11,0,0,62,90,62,90,0,0,0,0,2388,0,0,0,0,0,0,0,0,0,0,0,0,0,0,0,0,0,0,0,0,,,,0,0,TRUE
3266168,Sokoto,Rabah,Yarstakuwa,1-Aug-17,SokotoRabahYarstakuwa01/08/2017-1,40,0,10,6,21,6210,7969,14,6353,98,84,0,1246,1428,5,7,5,7,0,0,53,89,53,89,0,0,0,0,7904,0,0,0,0,0,0,0,0,0,0,0,0,0,0,0,0,0,0,0,0,,,,0,0,TRUE
7890976,Sokoto,Sabon Birni,Gangara,1-Aug-17,SokotoSabon BirniGangara01/08/2017-1,24,0,6,8,54,2936,4857,0,4916,379,0,0,1263,1642,0,0,0,0,0,0,70,85,70,85,0,0,0,0,6705,0,0,0,0,0,0,0,0,0,0,0,0,0,0,0,0,0,6000,0,0,Sweets,,,0,0,TRUE
27287461,Sokoto,Sabon Birni,Gatawa,1-Aug-17,SokotoSabon BirniGatawa01/08/2017-1,63,0,16,9,204,5886,8892,5,8540,394,0,0,1038,1432,3,3,3,3,0,0,243,349,243,349,0,0,0,0,10537,0,0,0,0,0,0,0,0,0,0,0,0,0,0,0,0,0,10000,0,0,Sweets,,,0,0,TRUE
14088683,Sokoto,Sabon Birni,Kalgo,1-Aug-17,SokotoSabon BirniKalgo01/08/2017-1,32,0,8,22,43,3203,4430,3,4887,223,50,0,749,1022,4,10,4,10,0,0,104,187,104,187,0,0,0,0,6171,0,0,0,0,0,0,0,0,0,0,0,0,0,0,0,0,0,6000,0,0,Sweets,,,0,0,TRUE
37682744,Sokoto,Sabon Birni,Kurawa,1-Aug-17,SokotoSabon BirniKurawa01/08/2017-1,56,0,14,0,0,5658,9329,4,8201,210,0,0,823,1033,2,6,2,6,0,0,233,385,227,375,6,10,0,0,9615,0,0,0,0,0,0,0,0,0,0,0,0,0,0,0,0,0,9000,0,0,Sweets,,,0,0,TRUE
23155833,Sokoto,Sabon Birni,Lajinge,1-Aug-17,SokotoSabon BirniLajinge01/08/2017-1,36,0,9,10,77,3475,6296,4,6454,218,0,0,370,588,1,2,1,2,0,0,84,137,84,137,0,0,0,0,7268,0,0,0,0,0,0,0,0,0,0,0,0,0,0,0,0,0,7000,0,0,Sweets,,,0,0,TRUE
4773955,Sokoto,Sabon Birni,Makuwana,1-Aug-17,SokotoSabon BirniMakuwana01/08/2017-1,44,0,11,0,29,4555,8994,4,8160,249,0,0,763,1012,4,7,2,5,2,2,148,256,148,256,0,0,0,0,9462,0,0,0,0,0,0,0,0,0,0,0,0,0,0,0,0,0,9000,0,0,Sweets,,,0,0,TRUE
24731728,Sokoto,Sabon Birni,Sabon Birni,1-Aug-17,SokotoSabon BirniSabon Birni01/08/2017-1,40,0,10,6,40,4301,7378,5,6160,116,103,0,1088,1307,17,38,10,30,7,8,118,197,108,187,10,10,0,0,7730,0,0,0,0,0,0,0,0,0,0,0,0,0,0,0,0,0,7000,0,0,Sweets,,,0,0,TRUE
45296928,Sokoto,Sabon Birni,Takatsaba,1-Aug-17,SokotoSabon BirniTakatsaba01/08/2017-1,57,0,14,0,56,6089,8615,4,8272,53,0,0,661,714,3,5,3,5,0,0,196,326,190,310,6,16,0,0,9357,0,0,0,0,0,0,0,0,0,0,0,0,0,0,0,0,0,9000,0,0,Sweets,,,0,0,TRUE
39522635,Sokoto,Sabon Birni,Tarah,1-Aug-17,SokotoSabon BirniTarah01/08/2017-1,30,0,7,9,25,3809,622,4,5857,133,0,0,515,648,2,3,2,3,0,0,153,228,153,228,0,0,0,0,6770,0,0,0,0,0,0,0,0,0,0,0,0,0,0,0,0,0,6000,0,0,Sweets,,,0,0,TRUE
25918530,Sokoto,Sabon Birni,Tsamaye,1-Aug-17,SokotoSabon BirniTsamaye01/08/2017-1,66,0,16,1,0,7884,14793,6,13161,350,186,0,1053,1589,3,8,3,8,0,0,193,273,193,273,0,0,0,0,15032,0,0,0,0,0,0,0,0,0,0,0,0,0,0,0,0,0,15000,0,0,Sweets,,,0,0,TRUE
23797264,Sokoto,Sabon Birni,Unguwar Lalle,1-Aug-17,SokotoSabon BirniUnguwar Lalle01/08/2017-1,69,0,17,2,105,6480,10679,5,10400,68,0,0,444,512,7,24,4,18,3,6,139,221,139,221,0,0,0,0,11258,0,0,0,0,0,0,0,0,0,0,0,0,0,0,0,0,0,11000,0,0,Sweets,,,0,0,TRUE
16605194,Sokoto,Shagari,Dandin Mahe,1-Aug-17,SokotoShagariDandin Mahe01/08/2017-1,29,0,11,2,94,4403,10346,2,8851,577,24,0,1041,1642,54,112,52,108,2,4,121,182,120,181,1,1,0,0,10878,27,25,18,0,0,0,0,0,0,62,0,62,0,24,0,0,0,10000,0,0,Sweets,,,0,0,TRUE
23674550,Sokoto,Shagari,Gangan,1-Aug-17,SokotoShagariGangan01/08/2017-1,20,0,7,0,78,2301,6488,3,4291,941,19,0,899,1859,25,56,24,54,1,2,53,84,52,83,1,1,0,0,6365,18,15,14,0,0,0,0,0,0,40,0,38,0,15,0,0,0,6300,0,0,Sweets,,,0,0,TRUE
40321719,Sokoto,Shagari,Horo,1-Aug-17,SokotoShagariHoro01/08/2017-1,19,0,7,0,64,2554,6095,4,1516,150,39,0,984,1173,17,39,16,37,1,2,66,90,66,90,0,0,0,3004,5884,10,13,13,0,0,0,0,0,0,20,0,20,0,15,0,0,0,5000,0,0,Sweets,,,0,0,TRUE
8196440,Sokoto,Shagari,Jaredi,1-Aug-17,SokotoShagariJaredi01/08/2017-1,17,0,7,1,91,3178,6364,3,1695,436,47,0,1021,1504,13,17,11,13,2,4,108,177,108,177,0,0,0,3117,6598,30,17,16,0,0,0,0,0,0,58,0,58,0,14,0,0,0,6500,0,0,Sweets,,,0,0,TRUE
30051215,Sokoto,Shagari,Kajiji,1-Aug-17,SokotoShagariKajiji01/08/2017-1,24,0,8,0,29,2907,6662,6,4084,522,71,0,1411,2004,57,111,54,105,3,6,79,95,78,94,1,1,0,0,6316,25,18,21,0,0,0,0,0,0,16,0,16,0,5,0,0,0,6300,0,0,Sweets,,,0,0,TRUE
27483897,Sokoto,Shagari,Kambama,1-Aug-17,SokotoShagariKambama01/08/2017-1,17,0,9,0,47,2771,6821,4,5119,541,48,0,1017,1606,29,52,27,49,2,3,65,109,64,108,1,1,0,0,6929,21,26,29,0,0,0,0,0,0,46,0,44,0,23,0,0,0,6900,0,0,Sweets,,,0,0,TRUE
25224302,Sokoto,Shagari,Lambara,1-Aug-17,SokotoShagariLambara01/08/2017-1,24,0,10,1,71,3306,9075,6,7192,482,57,0,1141,1680,30,53,28,50,2,3,74,119,72,116,2,3,0,0,9110,38,18,17,0,0,0,0,0,0,45,0,45,0,34,0,0,0,9000,0,0,Sweets,,,0,0,TRUE
51579794,Sokoto,Shagari,Mandera,1-Aug-17,SokotoShagariMandera01/08/2017-1,16,0,6,0,82,3044,6883,5,5098,302,87,0,961,1350,3,5,3,5,0,0,82,163,82,163,0,0,0,0,6698,33,25,18,0,0,0,0,0,0,36,0,36,0,18,0,0,0,6600,0,0,Sweets,,,0,0,TRUE
37764514,Sokoto,Shagari,Sanyinnawal,1-Aug-17,SokotoShagariSanyinnawal01/08/2017-1,23,0,8,1,104,3782,8767,8,7112,520,61,0,1142,1723,29,62,27,60,2,2,59,91,59,91,0,0,0,0,9091,18,17,18,0,0,0,0,0,0,30,0,30,0,19,0,0,0,9000,0,0,Sweets,,,0,0,TRUE
54372889,Sokoto,Shagari,Shagari,1-Aug-17,SokotoShagariShagari01/08/2017-1,23,0,9,2,211,3234,7361,7,5427,185,107,0,1214,1506,11,21,9,18,2,3,112,161,111,159,1,2,0,0,7323,17,23,12,0,0,0,0,0,0,9,0,9,0,5,0,0,0,7300,0,0,Sweets,,,0,0,TRUE
6290451,Sokoto,Silame,Gande,1-Aug-17,SokotoSilameGande01/08/2017-1,44,0,11,0,26,4924,12918,22,11700,202,0,0,806,1008,11,19,10,18,1,1,95,165,95,165,0,0,0,0,12917,0,0,0,0,0,0,0,0,0,0,0,0,0,0,0,0,0,12917,0,0,Sweets,,,0,0,TRUE
51950261,Sokoto,Silame,Gaukai,1-Aug-17,SokotoSilameGaukai01/08/2017-1,22,0,5,0,14,3017,4816,4,4454,53,0,0,228,281,2,3,2,3,0,0,52,64,42,64,0,0,0,0,4816,0,0,0,0,0,0,0,0,0,0,0,0,0,0,0,0,0,4816,0,0,Sweets,,,0,0,TRUE
28011412,Sokoto,Silame,Jekanadu,1-Aug-17,SokotoSilameJekanadu01/08/2017-1,23,0,5,0,14,1658,4239,6,3805,69,0,0,309,378,0,0,0,0,0,0,30,42,30,42,0,0,0,0,4239,0,0,0,0,0,0,0,0,0,0,0,0,0,0,0,0,0,4239,0,0,Sweets,,,0,0,TRUE
33187733,Sokoto,Silame,Katami North,1-Aug-17,SokotoSilameKatami North01/08/2017-1,22,0,4,0,26,2144,4087,8,3408,134,0,0,403,537,2,6,3,6,0,0,93,110,93,110,0,0,0,0,4087,0,0,0,0,0,0,0,0,0,0,0,0,0,0,0,0,0,4087,0,0,Sweets,,,0,0,TRUE
8739843,Sokoto,Silame,Katami South,1-Aug-17,SokotoSilameKatami South01/08/2017-1,22,0,5,0,28,2553,4716,12,4909,226,0,0,469,695,0,0,0,0,0,0,64,84,64,84,0,0,0,0,5716,0,0,0,0,0,0,0,0,0,0,0,0,0,0,0,0,0,5716,0,0,Sweets,,,0,0,TRUE
3901351,Sokoto,Silame,Kubodu,1-Aug-17,SokotoSilameKubodu01/08/2017-1,23,0,5,0,18,2286,6206,4,5739,92,0,0,284,376,4,6,4,6,0,0,46,67,46,67,0,0,0,0,6206,0,0,0,0,0,0,0,0,0,0,0,0,0,0,0,0,0,6206,0,0,Sweets,,,0,0,TRUE
34448597,Sokoto,Silame,Labani,1-Aug-17,SokotoSilameLabani01/08/2017-1,31,0,6,0,21,2114,4429,5,3986,102,0,0,268,370,7,9,7,9,0,0,25,43,25,43,0,0,0,0,4429,0,0,0,0,0,0,0,0,0,0,0,0,0,0,0,0,0,4429,0,0,Sweets,,,0,0,TRUE
16942759,Sokoto,Silame,Maje,1-Aug-17,SokotoSilameMaje01/08/2017-1,26,0,5,0,16,2322,5022,6,4516,100,0,0,292,392,9,14,7,10,2,4,61,84,60,82,1,2,0,0,5016,0,0,0,0,0,0,0,0,0,0,0,0,0,0,0,0,0,5016,0,0,Sweets,,,0,0,TRUE
35552108,Sokoto,Silame,Marafa,1-Aug-17,SokotoSilameMarafa01/08/2017-1,25,0,6,0,22,2144,5249,16,4560,169,0,0,432,601,0,0,0,0,0,0,55,66,53,66,0,0,0,0,5249,0,0,0,0,0,0,0,0,0,0,0,0,0,0,0,0,0,5249,0,0,Sweets,,,0,0,TRUE
23419967,Sokoto,Silame,Silame,1-Aug-17,SokotoSilameSilame01/08/2017-1,25,0,4,2,29,2423,4511,26,3486,286,0,0,574,860,13,24,11,21,2,3,72,110,71,108,1,2,0,0,4506,0,0,0,0,0,0,0,0,0,0,0,0,0,0,0,0,0,4506,0,0,Sweets,,,0,0,TRUE
17378702,Sokoto,Sokoto North,Magajin Gari A,1-Aug-17,SokotoSokoto NorthMagajin Gari A01/08/2017-1,35,0,8,2,445,4928,5785,30,3877,493,0,0,722,1215,38,64,26,43,12,21,249,307,245,300,4,7,0,2483,8365,0,0,0,0,0,0,0,0,0,0,0,0,0,0,0,0,0,7300,1483,0,Sweets,Satchet milk,,0,0,TRUE
14136423,Sokoto,Sokoto North,Magajin Gari B,1-Aug-17,SokotoSokoto NorthMagajin Gari B01/08/2017-1,43,0,11,0,415,6786,6910,19,4351,462,0,0,38,500,129,237,91,177,38,60,148,190,142,177,6,13,0,3393,9013,0,0,0,0,0,0,0,0,0,0,0,0,0,0,0,0,0,8070,1393,0,Sweets,Satchet milk,,0,0,TRUE
10045210,Sokoto,Sokoto North,Magajin Rafi A,1-Aug-17,SokotoSokoto NorthMagajin Rafi A01/08/2017-1,24,0,5,0,775,2899,3554,21,3147,242,0,0,492,734,16,31,13,26,3,5,132,118,130,112,2,6,0,2101,6895,0,0,0,0,0,0,0,0,0,0,0,0,0,0,0,0,0,6138,1101,0,Sweets,Satchet milk,,0,0,TRUE
19509041,Sokoto,Sokoto North,Magajin Rafi B,1-Aug-17,SokotoSokoto NorthMagajin Rafi B01/08/2017-1,24,0,5,0,72,2432,4204,36,3496,231,0,0,410,641,34,69,23,50,11,19,48,61,45,53,3,8,0,1931,6243,0,0,0,0,0,0,0,0,0,0,0,0,0,0,0,0,0,5605,950,0,Sweets,Satchet milk,,0,0,TRUE
54851437,Sokoto,Sokoto North,Sarkin Adar Gandu,1-Aug-17,SokotoSokoto NorthSarkin Adar Gandu01/08/2017-1,36,0,9,11,694,4276,4890,10,3595,344,5,0,2687,3036,29,64,22,54,7,16,98,135,94,130,4,5,0,3417,10937,0,0,0,0,0,0,0,0,0,0,0,0,0,0,0,0,0,10066,1417,0,Sweets,Satchet milk,,0,0,TRUE
28670875,Sokoto,Sokoto North,Sarkin Adar Gidan Igwai,1-Aug-17,SokotoSokoto NorthSarkin Adar Gidan Igwai01/08/2017-1,45,0,11,5,502,6890,7620,14,4528,314,0,0,1393,1707,142,276,124,241,18,35,129,186,120,170,9,16,0,3604,10757,0,0,0,0,0,0,0,0,0,0,0,0,0,0,0,0,0,9690,1604,0,Sweets,Satchet milk,,0,0,TRUE
54119622,Sokoto,Sokoto North,Sarkin Musulmi A,1-Aug-17,SokotoSokoto NorthSarkin Musulmi A01/08/2017-1,12,0,2,21,657,1263,1153,21,630,207,0,0,81,288,21,48,18,43,3,5,49,65,46,59,3,6,0,534,2232,0,0,0,0,0,0,0,0,0,0,0,0,0,0,0,0,0,1910,434,0,Sweets,Satchet milk,,0,0,TRUE
23163987,Sokoto,Sokoto North,Sarkin Musulmi B,1-Aug-17,SokotoSokoto NorthSarkin Musulmi B01/08/2017-1,12,0,2,23,581,1241,1262,10,877,166,0,0,50,216,18,34,17,32,1,2,21,39,19,36,2,3,0,407,2172,0,0,0,0,0,0,0,0,0,0,0,0,0,0,0,0,0,2001,280,0,Sweets,Satchet milk,,0,0,TRUE
28533245,Sokoto,Sokoto North,Waziri A,1-Aug-17,SokotoSokoto NorthWaziri A01/08/2017-1,48,0,12,0,788,6331,7598,15,5956,938,0,0,2106,3044,58,92,47,74,11,18,97,163,91,159,6,4,0,3817,13838,0,0,0,0,0,0,0,0,0,0,0,0,0,0,0,0,0,12713,1817,0,Sweets,Satchet milk,,0,0,TRUE
7682624,Sokoto,Sokoto North,Waziri B,1-Aug-17,SokotoSokoto NorthWaziri B01/08/2017-1,28,0,6,0,1023,3193,3492,4,2306,492,120,0,285,897,23,40,17,26,6,14,87,117,87,117,0,0,0,2121,6490,0,0,0,0,0,0,0,0,0,0,0,0,0,0,0,0,0,5694,1121,0,Sweets,Satchet milk,,0,0,TRUE
44978520,Sokoto,Sokoto North,Waziri C,1-Aug-17,SokotoSokoto NorthWaziri C01/08/2017-1,16,0,5,14,393,2849,3981,2,2846,211,0,0,289,500,14,27,10,21,4,6,68,91,68,91,0,0,0,1729,5594,0,0,0,0,0,0,0,0,0,0,0,0,0,0,0,0,0,5145,730,0,Sweets,Satchet milk,,0,0,TRUE
11493864,Sokoto,Sokoto South,Gagi A,1-Aug-17,SokotoSokoto SouthGagi A01/08/2017-1,76,0,19,3,621,9881,11537,25,9393,65,0,0,593,658,259,458,241,427,18,31,274,452,270,446,4,6,0,4387,15935,0,0,0,0,0,0,0,0,0,0,0,0,0,0,0,0,0,15000,0,0,Biscuits,,,0,0,TRUE
24367329,Sokoto,Sokoto South,Gagi B,1-Aug-17,SokotoSokoto SouthGagi B01/08/2017-1,66,0,15,0,786,8014,8932,14,5036,43,29,264,2330,2666,72,136,63,119,9,17,192,314,185,303,7,11,0,3334,12244,0,0,0,0,0,0,0,0,0,0,0,0,0,0,0,0,0,12500,0,0,Sweets,,,0,0,TRUE
5445395,Sokoto,Sokoto South,Gagi C,1-Aug-17,SokotoSokoto SouthGagi C01/08/2017-1,72,0,18,8,251,9671,10393,32,7721,188,0,0,1835,2023,100,168,93,154,7,14,173,247,170,242,3,5,0,5577,15976,0,0,0,0,0,0,0,0,0,0,0,0,0,0,0,0,0,16000,0,0,Sweets,,,0,0,TRUE
33208801,Sokoto,Sokoto South,Rijia A,1-Aug-17,SokotoSokoto SouthRijia A01/08/2017-1,20,0,5,0,776,2309,3629,11,1523,23,0,0,1339,1362,139,244,126,221,13,23,111,162,106,154,5,8,0,2014,6050,0,0,0,0,0,0,0,0,0,0,0,0,0,0,0,0,0,6000,0,0,Sweets,,,0,0,TRUE
34906916,Sokoto,Sokoto South,Rijia B,1-Aug-17,SokotoSokoto SouthRijia B01/08/2017-1,24,0,6,0,450,3166,4018,18,1983,20,0,280,1189,1489,19,33,10,21,9,12,49,76,46,73,3,4,0,2503,6519,0,0,0,0,0,0,0,0,0,0,0,0,0,0,0,0,0,7000,0,0,Sweets,,,0,0,TRUE
42925771,Sokoto,Sokoto South,Sarkin Addar A,1-Aug-17,SokotoSokoto SouthSarkin Addar A01/08/2017-1,24,0,6,0,632,3672,5163,22,2214,191,68,0,1838,2097,55,94,50,87,5,7,94,147,90,142,4,5,0,1986,7158,0,0,0,0,0,0,0,0,0,0,0,0,0,0,0,0,0,1986,0,0,Sweets,,,0,0,TRUE
47716004,Sokoto,Sokoto South,Sarkin Addar B,1-Aug-17,SokotoSokoto SouthSarkin Addar B01/08/2017-1,28,0,7,17,1223,4251,4670,43,1917,283,0,0,1026,1309,60,105,54,98,6,7,89,131,86,128,3,3,0,2190,6882,0,0,0,0,0,0,0,0,0,0,0,0,0,0,0,0,0,7000,0,0,Sweets,,,0,0,TRUE
40474193,Sokoto,Sokoto South,Sarkin Zamfara A,1-Aug-17,SokotoSokoto SouthSarkin Zamfara A01/08/2017-1,16,0,4,13,818,3448,3405,28,1869,109,101,0,360,570,29,50,25,46,4,4,76,116,73,112,3,4,0,1522,4950,0,0,0,0,0,0,0,0,0,0,0,0,0,0,0,0,0,5000,0,0,Sweets,,,0,0,TRUE
8852390,Sokoto,Sokoto South,Sarkin Zamfara B,1-Aug-17,SokotoSokoto SouthSarkin Zamfara B01/08/2017-1,24,0,7,9,1009,4417,5499,23,2374,170,37,358,1100,1665,36,61,30,54,6,7,73,112,72,111,1,1,0,2985,8207,0,0,0,0,0,0,0,0,0,0,0,0,0,0,0,0,0,8500,0,0,Sweets,,,0,0,TRUE
34639773,Sokoto,Sokoto South,Tudun Wada A,1-Aug-17,SokotoSokoto SouthTudun Wada A01/08/2017-1,40,0,10,0,852,4620,5419,26,3576,86,14,0,289,389,66,125,57,110,9,15,126,211,122,206,4,5,0,3795,8928,0,0,0,0,0,0,0,0,0,0,0,0,0,0,0,0,0,9000,0,0,Sweets,,,0,0,TRUE
39299630,Sokoto,Sokoto South,Tudun Wada B,1-Aug-17,SokotoSokoto SouthTudun Wada B01/08/2017-1,40,0,10,3,833,5591,6399,28,4138,177,0,0,861,1038,123,221,113,207,10,14,114,197,111,193,3,4,0,3040,9452,0,0,0,0,0,0,0,0,0,0,0,0,0,0,0,0,0,9500,0,0,Sweets,,,0,0,TRUE
21619140,Sokoto,Tambuwal,Bagida,1-Aug-17,SokotoTambuwalBagida01/08/2017-1,44,0,10,0,350,5738,10775,9,4114,193,0,0,5680,5873,6,15,6,15,0,0,147,207,146,206,1,1,0,0,10558,0,0,0,0,0,0,0,0,0,0,0,0,0,0,0,0,0,10558,0,0,Sweets,,,0,0,TRUE
47240273,Sokoto,Tambuwal,Barkeji-Nabaguda,1-Aug-17,SokotoTambuwalBarkeji-Nabaguda01/08/2017-1,52,0,11,0,0,5672,12276,53,9841,22,0,0,2089,2111,3,6,3,6,0,0,146,199,145,198,1,1,0,0,12156,0,0,0,0,0,0,0,0,0,0,0,0,0,0,0,0,0,20956,0,0,Sweets,,,0,0,TRUE
12555378,Sokoto,Tambuwal,Bashire-Maikada,1-Aug-17,SokotoTambuwalBashire-Maikada01/08/2017-1,48,0,12,4,210,6339,13438,5,12427,498,0,0,327,825,2,3,2,3,0,0,40,69,40,69,0,0,0,0,13538,0,0,0,0,0,0,0,0,0,0,0,0,0,0,0,0,0,13538,0,0,Sweets,,,0,0,TRUE
32001613,Sokoto,Tambuwal,Dogon Daji,1-Aug-17,SokotoTambuwalDogon Daji01/08/2017-1,74,0,16,1,151,7185,12106,56,11746,138,0,0,1127,1265,12,26,12,26,0,0,202,336,202,336,0,0,0,0,13525,0,0,0,0,0,0,0,0,0,0,0,0,0,0,0,0,0,13525,0,0,Sweets,,,0,0,TRUE
46745448,Sokoto,Tambuwal,Faga Alasan,1-Aug-17,SokotoTambuwalFaga Alasan01/08/2017-1,45,0,7,11,620,3783,5399,33,4849,484,0,0,2003,2487,0,0,0,0,0,0,116,178,116,178,0,0,0,0,8145,0,0,0,0,0,0,0,0,0,0,0,0,0,0,0,0,0,8145,0,0,Sweets,,,0,0,TRUE
15114601,Sokoto,Tambuwal,Jabo-Kagara,1-Aug-17,SokotoTambuwalJabo-Kagara01/08/2017-1,67,0,13,4,225,6145,10733,66,10513,95,1,0,1033,1129,49,112,49,112,0,0,90,158,90,158,0,0,0,0,12141,0,0,0,0,0,0,0,0,0,0,0,0,0,0,0,0,0,12141,0,0,Sweets,,,0,0,TRUE
23570692,Sokoto,Tambuwal,Romo Sarki,1-Aug-17,SokotoTambuwalRomo Sarki01/08/2017-1,45,0,10,0,0,4383,6382,24,6297,283,0,0,840,1123,8,13,8,13,0,0,53,98,50,94,3,4,0,0,7527,0,0,0,0,0,0,0,0,0,0,0,0,0,0,0,0,0,7527,0,0,Sweets,,,0,0,TRUE
4716944,Sokoto,Tambuwal,Sabon Birni,1-Aug-17,SokotoTambuwalSabon Birni01/08/2017-1,57,0,14,20,397,5089,7589,59,7306,229,0,0,365,594,3,7,3,7,0,0,71,101,71,101,0,0,0,0,8425,0,0,0,0,0,0,0,0,0,0,0,0,0,0,0,0,0,8425,0,0,Sweets,,,0,0,TRUE
39100768,Sokoto,Tambuwal,Saida Goshe,1-Aug-17,SokotoTambuwalSaida Goshe01/08/2017-1,43,0,8,0,0,3940,6606,30,6395,60,0,0,241,301,0,0,0,0,0,0,67,77,67,77,0,0,0,0,6773,0,0,0,0,0,0,0,0,0,0,0,0,0,0,0,0,0,6773,0,0,Sweets,,,0,0,TRUE
41996379,Sokoto,Tambuwal,Sanyinna,1-Aug-17,SokotoTambuwalSanyinna01/08/2017-1,20,0,5,0,61,2527,4873,22,4949,0,148,0,384,532,12,23,12,23,0,0,40,65,40,65,0,0,0,0,5630,0,0,0,0,0,0,0,0,0,0,0,0,0,0,0,0,0,5630,0,0,Sweets,,,0,0,TRUE
25799866,Sokoto,Tambuwal,Tambuwal,1-Aug-17,SokotoTambuwalTambuwal01/08/2017-1,64,0,16,0,0,7303,11351,13,11081,103,0,0,1923,2026,46,102,46,102,0,0,61,109,61,109,0,0,0,0,13318,0,0,0,0,0,0,0,0,0,0,0,0,0,0,0,0,0,13318,0,0,Sweets,,,0,0,TRUE
14629046,Sokoto,Tangaza,Gidan Madi,1-Aug-17,SokotoTangazaGidan Madi01/08/2017-1,39,0,6,1,107,4087,4232,12,3227,550,0,0,278,828,0,0,0,0,0,0,59,93,53,85,6,8,0,0,4248,0,0,0,0,0,0,0,0,0,0,0,0,0,0,0,0,0,4300,0,0,Sweets,,,0,0,TRUE
18651662,Sokoto,Tangaza,Kalanjeni,1-Aug-17,SokotoTangazaKalanjeni01/08/2017-1,26,0,6,0,73,2114,3270,35,2609,309,0,0,239,548,1,1,1,1,0,0,36,55,33,52,3,3,0,0,3283,0,0,0,0,0,0,0,0,0,0,0,0,0,0,0,0,0,3300,0,0,Sweets,,,0,0,TRUE
53654436,Sokoto,Tangaza,Kwacce Huru,1-Aug-17,SokotoTangazaKwacce Huru01/08/2017-1,26,0,7,2,11,2138,3735,60,2909,337,0,0,367,704,1,1,1,1,0,0,79,115,74,108,5,7,0,0,3735,0,0,0,0,0,0,0,0,0,0,0,0,0,0,0,0,0,4000,0,0,Sweets,,,0,0,TRUE
6284963,Sokoto,Tangaza,Magonho,1-Aug-17,SokotoTangazaMagonho01/08/2017-1,44,0,11,18,31,4349,5822,44,5042,350,10,0,308,668,16,20,11,15,4,5,61,84,58,79,2,5,0,0,5853,0,0,0,0,0,0,0,0,0,0,0,0,0,0,0,0,0,6000,0,0,Sweets,,,0,0,TRUE
7487696,Sokoto,Tangaza,Raka,1-Aug-17,SokotoTangazaRaka01/08/2017-1,24,0,6,0,0,2042,3297,12,2617,175,29,0,430,634,0,0,0,0,0,0,64,107,61,103,3,4,0,0,3354,0,0,0,0,0,0,0,0,0,0,0,0,0,0,0,0,0,3500,0,0,Sweets,,,0,0,TRUE
40594581,Sokoto,Tangaza,Ruwa Wuri,1-Aug-17,SokotoTangazaRuwa Wuri01/08/2017-1,44,0,11,20,173,5628,5237,57,4405,230,43,0,289,562,0,0,0,0,0,0,116,202,114,199,2,3,0,0,5359,0,0,0,0,0,0,0,0,0,0,0,0,0,0,0,0,0,5500,0,0,Sweets,,,0,0,TRUE
47428025,Sokoto,Tangaza,Sakkwai,1-Aug-17,SokotoTangazaSakkwai01/08/2017-1,55,0,11,12,189,4725,6238,11,4796,195,174,0,693,1062,0,0,0,0,0,0,162,243,160,238,2,5,0,0,6297,0,0,0,0,0,0,0,0,0,0,0,0,0,0,0,0,0,6300,0,0,Sweets,,,0,0,TRUE
3811291,Sokoto,Tangaza,Salewa,1-Aug-17,SokotoTangazaSalewa01/08/2017-1,28,0,7,12,58,3039,3951,36,3489,64,0,0,303,367,0,0,0,0,0,0,64,84,62,82,2,2,0,0,4008,0,0,0,0,0,0,0,0,0,0,0,0,0,0,0,0,0,4000,0,0,Sweets,,,0,0,TRUE
44174867,Sokoto,Tangaza,Sutti,1-Aug-17,SokotoTangazaSutti01/08/2017-1,32,0,6,3,87,2021,2811,0,3035,163,0,0,159,322,0,0,0,0,0,0,56,78,55,77,1,1,0,0,3524,0,0,0,0,0,0,0,0,0,0,0,0,0,0,0,0,0,3600,0,0,Sweets,,,0,0,TRUE
37552620,Sokoto,Tangaza,Tangaza,1-Aug-17,SokotoTangazaTangaza01/08/2017-1,32,0,9,10,77,3718,6880,147,5274,341,294,0,706,1341,1,1,1,1,0,0,94,151,90,146,4,5,0,0,6849,0,0,0,0,0,0,0,0,0,0,0,0,0,0,0,0,0,7000,0,0,Sweets,,,0,0,TRUE
47835039,Sokoto,Tureta,Dangulbi,1-Aug-17,SokotoTuretaDangulbi01/08/2017-1,26,0,6,6,9,1710,3816,18,3494,0,0,0,197,197,0,0,0,0,0,0,52,75,52,75,0,0,0,0,3781,0,0,0,0,0,0,0,0,0,0,0,0,0,0,0,0,0,0,0,0,,,,0,0,TRUE
11534011,Sokoto,Tureta,Duma,1-Aug-17,SokotoTuretaDuma01/08/2017-1,20,0,5,5,4,2316,5631,21,4959,109,0,0,202,311,44,100,43,99,1,1,23,38,23,38,0,0,0,0,5416,0,0,0,0,0,0,0,0,0,0,0,0,0,0,0,0,0,0,0,0,,,,0,0,TRUE
32948876,Sokoto,Tureta,Furagirke,1-Aug-17,SokotoTuretaFuragirke01/08/2017-1,20,0,5,9,12,1493,4335,14,3960,159,10,0,629,798,0,0,0,0,0,0,58,124,58,124,0,0,0,0,4903,0,0,0,0,0,0,0,0,0,0,0,0,0,0,0,0,0,0,0,0,,,,0,0,TRUE
20401534,Sokoto,Tureta,Gidan Kare,1-Aug-17,SokotoTuretaGidan Kare01/08/2017-1,23,0,4,7,27,2380,5504,79,4187,236,0,0,971,1207,0,0,0,0,0,0,64,102,64,102,0,0,0,0,5530,0,0,0,0,0,0,0,0,0,0,0,0,0,0,0,0,0,0,0,0,,,,0,0,TRUE
45703238,Sokoto,Tureta,Kuruwa,1-Aug-17,SokotoTuretaKuruwa01/08/2017-1,15,0,3,8,12,986,2176,28,2330,0,0,0,402,402,0,0,0,0,0,0,18,38,18,38,0,0,0,0,2790,0,0,0,0,0,0,0,0,0,0,0,0,0,0,0,0,0,0,0,0,,,,0,0,TRUE
28277042,Sokoto,Tureta,Kwarare,1-Aug-17,SokotoTuretaKwarare01/08/2017-1,23,0,4,6,11,1091,2932,8,2586,42,0,0,501,543,2,5,2,5,0,0,37,53,37,53,0,0,0,0,3204,0,0,0,0,0,0,0,0,0,0,0,0,0,0,0,0,0,0,0,0,,,,0,0,TRUE
26313975,Sokoto,Tureta,Lamba Tureta,1-Aug-17,SokotoTuretaLamba Tureta01/08/2017-1,23,0,4,8,6,2065,4799,28,3486,73,0,0,1109,1182,13,30,9,22,4,8,54,102,54,102,0,0,0,0,4806,0,0,0,0,0,0,0,0,0,0,0,0,0,0,0,0,0,0,0,0,,,,0,0,TRUE
24430030,Sokoto,Tureta,Lofa,1-Aug-17,SokotoTuretaLofa01/08/2017-1,16,0,3,5,9,1597,3521,15,3049,16,0,0,444,460,0,0,0,0,0,0,26,38,25,36,1,2,0,0,3559,0,0,0,0,0,0,0,0,0,0,0,0,0,0,0,0,0,0,0,0,,,,0,0,TRUE
19925439,Sokoto,Tureta,Tsamiya,1-Aug-17,SokotoTuretaTsamiya01/08/2017-1,22,0,4,5,8,1888,4392,19,3385,29,185,0,724,938,15,36,15,36,0,0,40,67,49,67,0,0,0,0,4439,0,0,0,0,0,0,0,0,0,0,0,0,0,0,0,0,0,0,0,0,,,,0,0,TRUE
54198251,Sokoto,Tureta,Tureta,1-Aug-17,SokotoTuretaTureta01/08/2017-1,34,0,6,8,13,1958,4335,41,3714,121,126,0,460,707,5,6,3,3,2,3,52,72,52,72,0,0,0,0,4517,0,0,0,0,0,0,0,0,0,0,0,0,0,0,0,0,0,0,0,0,,,,0,0,TRUE
40341083,Sokoto,Wamakko,Arkilla,1-Aug-17,SokotoWamakkoArkilla01/08/2017-1,98,0,24,8,244,12819,13267,24,7032,166,12,0,2046,2224,297,472,243,396,54,76,271,424,268,418,3,6,2,2870,13194,0,0,0,0,0,0,0,0,0,0,0,0,0,0,0,0,0,7320,1200,1560,Sweets,Others,Satchet milk,0,0,TRUE
39821753,Sokoto,Wamakko,Bado,1-Aug-17,SokotoWamakkoBado01/08/2017-1,48,0,10,6,618,6063,7425,16,3220,52,15,0,648,715,182,316,170,295,12,21,97,161,95,157,2,4,9,2380,7400,0,0,0,0,0,0,0,0,0,0,0,0,0,0,0,0,0,3200,3140,1423,Sweets,Satchet milk,Others,0,0,TRUE
45741238,Sokoto,Wamakko,Dundaye,1-Aug-17,SokotoWamakkoDundaye01/08/2017-1,48,0,10,0,229,4654,4469,19,5120,216,0,0,398,614,66,131,61,123,5,8,86,131,84,129,2,2,5,2239,8459,0,0,0,0,0,0,0,0,0,0,0,0,0,0,0,0,0,3412,2400,3120,Sweets,Others,Satchet milk,0,0,TRUE
17070620,Sokoto,Wamakko,Gidan Bubu,1-Aug-17,SokotoWamakkoGidan Bubu01/08/2017-1,37,0,7,7,100,2389,7423,16,3926,338,0,0,409,747,50,96,49,94,1,2,31,54,30,53,1,1,0,2493,7420,0,0,0,0,0,0,0,0,0,0,0,0,0,0,0,0,0,1980,2340,3120,Satchet milk,Sweets,Others,0,0,TRUE
21750892,Sokoto,Wamakko,Gidan Hamidu,1-Aug-17,SokotoWamakkoGidan Hamidu01/08/2017-1,48,0,7,0,194,4356,6071,14,3004,0,0,0,476,476,103,200,96,187,7,13,23,31,22,30,1,1,0,2166,6057,0,0,0,0,0,0,0,0,0,0,0,0,0,0,0,0,0,2310,2004,2100,Satchet milk,Sweets,Others,0,0,TRUE
30884851,Sokoto,Wamakko,Gumbi,1-Aug-17,SokotoWamakkoGumbi01/08/2017-1,58,0,9,0,317,4889,5466,11,2382,59,5,0,178,242,84,138,80,132,4,6,8,12,8,12,0,0,0,2375,5460,0,0,0,0,0,0,0,0,0,0,0,0,0,0,0,0,0,1980,2310,2100,Satchet milk,Others,Sweets,0,1,TRUE
16979379,Sokoto,Wamakko,Gwamatse,1-Aug-17,SokotoWamakkoGwamatse01/08/2017-1,41,0,10,0,38,3958,6296,13,3642,28,0,0,55,83,20,46,18,43,2,3,39,53,38,51,1,2,0,2434,6291,0,0,0,0,0,0,0,0,0,0,0,0,0,0,0,0,0,2100,1700,3110,Sweets,Satchet milk,Others,0,0,TRUE
8345502,Sokoto,Wamakko,Kalambaina,1-Aug-17,SokotoWamakkoKalambaina01/08/2017-1,48,0,12,16,447,6794,9323,21,5266,305,48,0,634,987,134,329,127,316,7,13,125,308,122,304,3,4,0,1970,9306,0,0,0,0,0,0,0,0,0,0,0,0,0,0,0,0,0,2980,4800,3200,Satchet milk,Sweets,Others,0,0,TRUE
4326713,Sokoto,Wamakko,Kammata,1-Aug-17,SokotoWamakkoKammata01/08/2017-1,42,0,10,4,46,3819,5479,6,1944,112,0,0,289,401,60,90,59,89,1,1,110,117,109,116,1,1,0,2877,5477,0,0,0,0,0,0,0,0,0,0,0,0,0,0,0,0,0,3400,2700,447,Sweets,Satchet milk,Others,0,0,TRUE
3673125,Sokoto,Wamakko,Kaura,1-Aug-17,SokotoWamakkoKaura01/08/2017-1,68,0,16,0,59,6079,9203,18,3679,93,0,0,239,332,44,84,42,80,2,4,124,192,123,190,1,2,0,4857,9197,0,0,0,0,0,0,0,0,0,0,0,0,0,0,0,0,0,4100,2500,3102,Satchet milk,Others,Sweets,0,0,TRUE
36331610,Sokoto,Wamakko,Wamakko,1-Aug-17,SokotoWamakkoWamakko01/08/2017-1,31,0,7,0,62,3008,5215,9,2015,0,0,0,710,710,21,35,21,35,0,0,41,56,40,55,1,1,0,2323,5200,0,0,0,0,0,0,0,0,0,0,0,0,0,0,0,0,0,2100,2130,1500,Satchet milk,Sweets,Sweets,0,0,TRUE
24647815,Sokoto,Wurno,Achida,1-Aug-17,SokotoWurnoAchida01/08/2017-1,20,0,12,0,139,1962,3870,10,3872,673,0,0,1454,2127,17,22,17,22,0,0,21,35,21,35,0,0,0,0,6195,0,0,0,0,0,0,0,0,0,0,0,0,0,0,0,0,0,0,0,0,,,,0,0,TRUE
3443165,Sokoto,Wurno,Alkanmu,1-Aug-17,SokotoWurnoAlkanmu01/08/2017-1,45,0,24,6,66,3425,6542,38,4903,589,0,0,916,1505,18,30,18,30,0,0,18,25,18,25,0,0,0,0,6535,0,0,0,0,0,0,0,0,0,0,0,0,0,0,0,0,0,0,0,0,,,,0,0,TRUE
14634954,Sokoto,Wurno,Chacho/Marnona,1-Aug-17,SokotoWurnoChacho/Marnona01/08/2017-1,50,0,32,0,57,3939,7417,28,5716,209,0,0,1854,2063,10,14,5,7,5,7,18,27,17,26,1,1,0,0,7869,0,0,0,0,0,0,0,0,0,0,0,0,0,0,0,0,0,0,0,0,,,,0,0,TRUE
28511968,Sokoto,Wurno,Dimbiso,1-Aug-17,SokotoWurnoDimbiso01/08/2017-1,20,0,20,23,265,2652,7540,43,5590,1001,0,0,924,1925,5,6,4,5,1,1,37,52,36,50,1,2,0,0,7858,0,0,0,0,0,0,0,0,0,0,0,0,0,0,0,0,0,0,0,0,,,,0,0,TRUE
12034450,Sokoto,Wurno,Dinawa,1-Aug-17,SokotoWurnoDinawa01/08/2017-1,36,0,16,32,114,1602,4231,0,3239,362,0,0,510,872,5,9,5,9,0,0,10,12,10,12,0,0,0,0,4278,0,0,0,0,0,0,0,0,0,0,0,0,0,0,0,0,0,0,0,0,,,,0,0,TRUE
4780439,Sokoto,Wurno,Kwargaba,1-Aug-17,SokotoWurnoKwargaba01/08/2017-1,43,0,28,2,61,2891,5710,48,6368,548,0,0,288,836,5,11,3,6,2,5,18,28,17,26,1,2,0,0,7299,0,0,0,0,0,0,0,0,0,0,0,0,0,0,0,0,0,0,0,0,,,,0,0,TRUE
52169657,Sokoto,Wurno,Kwasare,1-Aug-17,SokotoWurnoKwasare01/08/2017-1,41,0,20,0,141,3033,5515,35,4205,342,5,0,839,1186,31,51,30,50,1,1,19,29,19,29,0,0,0,0,5611,0,0,0,0,0,0,0,0,0,0,0,0,0,0,0,0,0,0,0,0,,,,0,0,TRUE
8616975,Sokoto,Wurno,Lahodu,1-Aug-17,SokotoWurnoLahodu01/08/2017-1,40,0,28,18,179,3101,6224,25,4965,446,16,0,1676,2138,42,62,42,62,0,0,18,30,18,30,0,0,0,0,7392,0,0,0,0,0,0,0,0,0,0,0,0,0,0,0,0,0,0,0,0,,,,0,0,TRUE
8120732,Sokoto,Wurno,Magarya,1-Aug-17,SokotoWurnoMagarya01/08/2017-1,18,0,16,3,259,2454,3740,2,3096,566,54,0,360,980,21,36,19,30,2,6,26,53,26,53,0,0,0,0,4421,0,0,0,0,0,0,0,0,0,0,0,0,0,0,0,0,0,0,0,0,,,,0,0,TRUE
38579713,Sokoto,Wurno,Marafa,1-Aug-17,SokotoWurnoMarafa01/08/2017-1,36,0,28,4,111,3825,5767,24,5465,379,0,0,2100,2479,17,29,16,28,1,1,25,69,25,69,0,0,0,0,8156,0,0,0,0,0,0,0,0,0,0,0,0,0,0,0,0,0,0,0,0,,,,0,0,TRUE
43165480,Sokoto,Wurno,Tunga,1-Aug-17,SokotoWurnoTunga01/08/2017-1,36,0,16,6,141,2019,3397,28,3166,461,35,0,312,808,6,12,6,12,0,0,32,41,30,39,2,2,0,0,4172,0,0,0,0,0,0,0,0,0,0,0,0,0,0,0,0,0,0,0,0,,,,0,0,TRUE
29987801,Sokoto,Yabo,Bakale,1-Aug-17,SokotoYaboBakale01/08/2017-1,36,0,4,3,62,1409,3953,3,1763,154,0,0,1264,1418,3,4,3,4,0,0,162,586,162,586,0,0,0,0,3836,0,0,0,0,0,0,0,0,0,0,0,0,0,0,0,0,0,0,0,0,,,,0,0,TRUE
33048487,Sokoto,Yabo,Bengaje,1-Aug-17,SokotoYaboBengaje01/08/2017-1,36,0,6,2,86,2318,5167,2,3145,187,0,0,1459,1646,4,6,4,6,0,0,47,206,47,206,0,0,0,0,5091,0,0,0,0,0,0,0,0,0,0,0,0,0,0,0,0,0,0,0,0,,,,0,0,TRUE
25659761,Sokoto,Yabo,Binjin Muza,1-Aug-17,SokotoYaboBinjin Muza01/08/2017-1,64,0,8,4,183,3463,6460,4,4386,145,0,0,1522,1667,15,29,10,20,5,9,38,121,38,121,0,0,0,0,6381,0,0,0,0,0,0,0,0,0,0,0,0,0,0,0,0,0,0,0,0,,,,0,0,TRUE
23202684,Sokoto,Yabo,Birniruwa,1-Aug-17,SokotoYaboBirniruwa01/08/2017-1,28,0,5,2,116,1985,4003,2,2023,153,0,0,1266,1419,0,0,0,0,0,0,148,330,148,330,0,0,0,0,3890,0,0,0,0,0,0,0,0,0,0,0,0,0,0,0,0,0,0,0,0,,,,0,0,TRUE
25122335,Sokoto,Yabo,Dagawa,1-Aug-17,SokotoYaboDagawa01/08/2017-1,39,0,9,5,215,3140,6392,5,3962,206,0,0,1549,1755,5,9,5,9,0,0,36,195,36,195,0,0,0,0,6141,0,0,0,0,0,0,0,0,0,0,0,0,0,0,0,0,0,0,0,0,,,,0,0,TRUE
35388039,Sokoto,Yabo,Fakka,1-Aug-17,SokotoYaboFakka01/08/2017-1,25,0,6,2,114,2185,5107,2,3843,104,0,0,838,942,7,12,7,12,0,0,29,120,29,120,0,0,0,0,5033,0,0,0,0,0,0,0,0,0,0,0,0,0,0,0,0,0,0,0,0,,,,0,0,TRUE
35984798,Sokoto,Yabo,Kilgori,1-Aug-17,SokotoYaboKilgori01/08/2017-1,24,0,4,3,126,2348,4437,3,2611,43,0,0,781,824,9,16,9,16,0,0,32,154,32,154,0,0,0,0,3734,0,0,0,0,0,0,0,0,0,0,0,0,0,0,0,0,0,0,0,0,,,,0,0,TRUE
28784874,Sokoto,Yabo,Torankawa,1-Aug-17,SokotoYaboTorankawa01/08/2017-1,48,0,7,4,154,3545,6993,4,4215,165,0,0,1586,1751,15,22,15,22,0,0,168,346,168,346,0,0,0,0,6492,0,0,0,0,0,0,0,0,0,0,0,0,0,0,0,0,0,0,0,0,,,,0,0,TRUE
19850675,Sokoto,Yabo,Yabo A,1-Aug-17,SokotoYaboYabo A01/08/2017-1,20,0,5,5,161,2314,6796,5,3781,195,0,0,1853,2048,53,99,29,50,24,49,164,531,163,528,1,3,0,0,6573,0,0,0,0,0,0,0,0,0,0,0,0,0,0,0,0,0,0,0,0,,,,0,0,TRUE
5185705,Sokoto,Yabo,Yabo B,1-Aug-17,SokotoYaboYabo B01/08/2017-1,18,0,6,4,143,1981,4273,4,2116,123,0,0,1557,1680,30,57,20,37,10,20,79,240,78,238,1,2,0,0,4218,0,0,0,0,0,0,0,0,0,0,0,0,0,0,0,0,0,0,0,0,,,,0,0,TRUE
